i_trial,noise,frac_real,n_evals,is_finished,r2,reward,symbolic_solution,expression,test_r2,test_expression,test_expression_pre,result_analysis_time
0,0.0,1e-06,240234,True,0.9999999942706082,0.9999243129823604,False,log(0.856055545051618*(0.192629815745394*r + 1)**1.914/(r + 0.844015444015444)**1.914) + 1.354,0.99999655949702,1.912*log(0.174 + 1/(1.275*r + 1.091)) + 1.839,[add A sub mul add log add add inv add div r R exp c c c c A E_t],66.51762700080872
1,0.0,1e-06,242502,True,0.9999999999914329,0.999997073047184,True,-0.887 + 3.777*log(r + 1)/r,0.99999999998999,-1.766 + 3.777*log(r + 1)/r,[add E_t div A div r mul log div add R r R R],0.4213941097259521
2,0.0,1e-06,240245,True,0.9999999999672072,0.999994273544236,True,(-1.792*r + 3.777*log(-r - 1))/r,0.9940272403756832,-0.92 + 0.839*log(9.398*r - 1)/r,[add add sub mul E_t add mul log neg div add R r R div R r c E_t A A],22.269502878189087
3,0.0,1e-06,241213,True,0.9999999999829384,0.999995869455038,True,(-1.416*r + 3.777*log(-r - 1))/r,0.9999999999919752,-1.766 + 3.777*log(-r - 1)/r,[add add A E_t mul mul log div add R r neg R R div R div R inv div r A],21.763970851898193
10,0.0,1e-06,240662,True,0.9999999999914329,0.9999970730471838,True,-0.887 + 3.777*log(r + 1)/r,0.9999987044165354,-1.766 + 3.775*log(r + 1)/r,[add mul mul div log div add r div R div r r R r R E_t A],1.1671741008758545
11,0.0,1e-06,243136,True,0.99999999988851,0.9999894412309872,True,-2.053 + 3.778*log(r + 1)/r,0.9999968153853422,-1.766 - 3.777*log(1/(r + 1))/r,[sub A mul sub add mul div log div div R R add inv div R r 1.0 r R 1.0 c E_t],1.2929880619049072
12,0.0,1e-06,243381,True,0.999999999996579,0.9999981504232964,True,-1.514 + 3.777*log(r + 1)/r,0.9999951904321066,-1.69 + 3.485*log(1.072*r + 1)/r,[add A div mul log div add r add r R R R inv div c div r E_t],0.980679988861084
13,0.0,1e-06,240345,True,0.9999999999973854,0.999998383017116,True,(-1.57*r + 3.777*log(-r - 1))/r,0.9999999999946726,(-1.766*r + 3.777*log(-r - 1))/r,[sub add A mul div log add neg div r r div r R r div R inv A E_t],21.99243116378784
14,0.0,1e-06,241008,True,0.9999999910383484,0.9999053429606156,False,1.621 - 1.04*log(2.351*r + 1),0.9997083648101792,2.217 - 0.939*log(3.304*r + 1),[sub mul E_t log div add r add div R div R r R R A],26.948151111602783
15,0.0,1e-06,240593,True,0.9999999998932698,0.9999896690810955,True,-1.931 + 3.778*log(r + 1)/r,0.9999999996196132,-1.766 + 3.778*log(r + 1)/r,[add A add E_t sub mul mul div log div add r R R r R A A],0.4810781478881836
16,0.0,1e-06,241036,True,0.999999999979126,0.99999543121569,True,-1.626 + 3.777*log(r + 1)/r,0.9999970057499724,-1.766 + 3.777*log(r + 1)/r,[sub mul mul A div div log div add r R R c r R A],0.8310651779174805
17,0.0,1e-06,242436,True,0.9999999999940185,0.9999975542702008,True,1.0*(-1.296*r + 3.777*log(r + 1) - 0.000541385700549846)/r,0.9999972091705938,-1.732 - 3.643*log(2.908/(3*r + 2.908))/r,[sub mul mul log div R add r add add r R r r div R div r inv div r E_t A],1.2057111263275146
18,0.0,1e-06,244745,True,0.9999999994942748,0.9999775121711892,False,(-6.106*r + 5.407*exp(r/(r + 4.465)))/(1.871*r + 4.465*exp(r/(r + 4.465))),0.9999792266996328,1.966 - 33.647/(9.396 + 19.878*exp(r/(r + 19.878))/r),[sub sub add div E_t add div exp div r add R r div r R c E_t E_t A],165.02889108657837
19,0.0,1e-06,242818,True,0.9999999999976696,0.9999984734491724,True,-1.586 + 3.777*log(r + 1)/r,0.99999999999512,-1.766 + 3.777*log(r + 1)/r,[add sub E_t add mul log mul r add inv r inv R div R div r A E_t E_t],0.4404089450836181
20,0.0,1e-06,241371,True,0.9999999999976696,0.9999984734491724,True,-1.586 + 3.777*log(r + 1)/r,0.9999987046654656,-1.766 + 3.775*log(r + 1)/r,[neg sub mul sub add mul log div add r R R R r r inv div r E_t A],1.1073830127716064
21,0.0,1e-06,244953,True,0.9999999999829384,0.999995869455049,True,-1.416 - 3.777*log(-1/(r + 1))/r,0.999997557980024,-1.766 - 3.775*log(-1/(r + 1))/r,[sub A sub mul log div R neg add R r div R div r E_t E_t],49.24513792991638
0,0.0,0.25,244985,True,0.9999999999596308,0.9999936463548044,True,-2.254 + 3.777*log(r + 1)/r,0.9999999999763074,-1.766 + 3.777*log(r + 1)/r,[add add E_t add sub mul mul log add div r r div r R R div A r A E_t E_t],0.2776610851287842
1,0.0,0.25,240315,True,0.9999999999984984,0.999998774611823,True,-0.887 + 3.777*log(r + 1)/r,0.9999999999955532,-1.766 + 3.777*log(r + 1)/r,[add div div log add div r R div R R c div r div R inv A E_t],0.499202013015747
2,0.0,0.25,241261,True,0.9999999999899054,0.9999968228210206,True,-1.792 + 3.777*log(r + 1)/r,0.9999999999944074,-1.766 + 3.777*log(r + 1)/r,[sub E_t mul log add div r R 1.0 neg div R neg div r A],0.7470159530639648
3,0.0,0.25,244942,True,0.9999999999732176,0.999994824863362,True,-1.416 + 3.777*log(r + 1)/r,0.99999999999551,-1.766 + 3.777*log(r + 1)/r,[sub add add mul log div add r R R div R div r A A E_t A],0.5413548946380615
10,0.0,0.25,242580,True,0.9999999998872748,0.9999893829045268,True,-0.887 + 3.777*log(r + 1)/r,0.9999999999746112,-1.766 + 3.777*log(r + 1)/r,[add add E_t add add mul mul div log div add R r R r R A E_t A E_t],0.4516069889068603
11,0.0,0.25,240341,True,0.9999999999952094,0.9999978112683686,True,-2.053 + 3.777*log(r + 1)/r,0.9999999999952046,-1.766 + 3.777*log(r + 1)/r,[add E_t add add A div log div add R r R div r div R inv A A],0.5667650699615479
12,0.0,0.25,244110,True,0.9999999999513474,0.9999930249062736,True,-1.514 + 3.777*log(r + 1)/r,0.999999999984406,-1.766 + 3.777*log(r + 1)/r,[add add E_t add mul log add div r R div R R div R div r A E_t A],0.4891226291656494
13,0.0,0.25,242585,True,0.9999999994982732,0.999977601246617,True,-1.57 + 3.777*log(r + 1)/r,0.9999999999731416,-1.766 - 3.777*log(1/(r + 1))/r,[add sub add mul add div mul log inv div r inv add inv R inv r R r 1.0 A E_t A E_t],0.5586791038513184
14,0.0,0.25,244410,True,0.9999999991869531,0.9999714868371854,True,(-2.254*r + 3.776*log(2.72*r + 2.718) - 3.776)/r,0.9999999974430784,-1.766 + 3.775*(log(2.72*r + 2.718) - 1)/r,[sub mul div sub log add add div r mul R div r r 1.0 c 1.0 r mul R A E_t],1.0837249755859375
15,0.0,0.25,240864,True,0.9999999486580846,0.9997734637855692,False,(-0.591*r**2 - 0.933*r + 5.585)/(0.329*r**2 + 2.543*r + 3.038),0.9999998049227964,(-0.53627*r**2 - 0.51661*r + 6.08718)/(0.329*r**2 + 2.547*r + 3.036),[sub div add r div add R r add div r R add div R r c div r A E_t],48.93878221511841
16,0.0,0.25,243485,True,0.9999999999357928,0.9999919871161091,True,-1.626 + 3.777*log(r + 1)/r,0.999999999979678,-1.766 + 3.777*log(r + 1)/r,[sub E_t mul A div div log div div add R r R div R R r inv R],0.4909749031066894
17,0.0,0.25,243802,True,0.9999999999565758,0.999993410346298,True,1.0*(-1.296*r + 3.777*log(r + 1) + 1.69009749138027e-5)/r,0.9999999999640647,-1.766 - 3.777*log(1/(r + 1))/r,[sub mul R div log div R add r add r div r div r R div r A E_t],0.7609081268310547
18,0.0,0.25,240813,True,0.9999993269016948,0.9991802468610992,False,(-0.684*r**2 - 4.39*r + 5.51)/(0.263*r**2 + 3.3*r + 4.592),0.9999993775328548,-1.796 + 4.172/(0.264*r + 1.1*r/(r + 4.172) + 1.1),[sub E_t div R add div r div add r R div R A add div R A div r A],51.2608859539032
19,0.0,0.25,240036,True,0.9999999062583144,0.9996939210728772,False,(-0.283*r**2 + 0.228*r + 2.98)/(0.203*r**2 + 1.269*r + 1.361),0.9999998853242054,-1.578 + (r/(0.727*r + 3.549) + 1.376)/(0.279*r + 0.384),[add E_t add add E_t E_t div add div r add div r R c R add div R A div r A],50.20032095909119
20,0.0,0.25,243852,True,0.9999999874306256,0.9998878993460972,False,(-0.969*r**2 + 0.184*r + 12.386)/(0.672*r**2 + 4.903*r + 5.665),0.9999999555640612,-1.623 + 21.608/(2*r + r/(0.336*r + 0.951) + 5.954),[add E_t add div A div add add add r add div r add add div r R c c R r R R A],48.396642208099365
21,0.0,0.25,240430,True,0.999999999983202,0.9999959014967004,True,-1.416 + 3.777*log(r + 1)/r,0.999999999989779,-1.766 + 3.777*log(r + 1)/r,[add E_t sub mul A add div mul R log add div r R add c div R R r c A],0.5338537693023682
0,0.0,0.5,243529,True,0.9999999999751656,0.9999950166072666,True,-2.254 + 3.777*log(r + 1)/r,0.9999999999863178,-1.766 + 3.777*log(r + 1)/r,[add add div log div add R r R div r div A inv R E_t E_t],0.4313268661499023
1,0.0,0.5,244741,True,0.9999999999880608,0.9999965446746262,True,-0.887 + 3.777*log(r + 1)/r,0.9999999999932488,-1.766 + 3.777*log(r + 1)/r,[add E_t add add mul mul log add div R R div r R div R r A E_t E_t],0.63620924949646
2,0.0,0.5,241190,True,0.9999998971935496,0.999679468323608,False,-1.322 + 0.713*exp(-0.183*r) + 0.713/(0.183*r + 0.276),0.9999999076950956,-1.296 + 0.713*exp(-0.183*r) + 0.713/(0.183*r + 0.275),[add E_t add div A exp div r R div A add div r R add 1.0 c],41.49438500404358
3,0.0,0.5,242041,True,0.9999999998200736,0.9999865865179204,True,-1.416 + 3.777*log(r + 1)/r,0.9999999999826148,-1.766 - 3.777*log(1/(r + 1))/r,[sub mul log div R add R r div R div r div r div E_t div E_t div r A E_t],0.7924480438232422
10,0.0,0.5,241997,True,0.999999999919243,0.9999910135968956,True,-0.887 + 3.777*log(r + 1)/r,0.999999999949992,-1.766 - 3.777*log(1/(r + 1))/r,[add E_t add add add add mul mul div log div R add R r r R A A A A A],0.5948989391326904
11,0.0,0.5,240986,True,0.9999999998738478,0.9999887683807802,True,-2.053 + 3.777*log(r + 1)/r,0.9999999999749284,-1.766 - 3.777*log(1/(r + 1))/r,[add div log div R add r R div r div R div R div R inv A E_t],0.6319139003753662
12,0.0,0.5,240259,True,0.9999999998812144,0.9999891012329576,True,-1.514 + 3.777*log(r + 1)/r,0.9999999999058022,-1.766 + 3.777*log(r + 1)/r,[add add E_t add mul log add div r R div R R div R div r A E_t A],0.6119129657745361
13,0.0,0.5,245332,True,0.9999999997911556,0.99998554876709,True,-1.57 + 3.777*log(r + 1)/r,0.999999999939462,-1.766 + 3.777*log(r + 1)/r,[add sub add sub add E_t add add mul mul log div add r R R R div A r E_t E_t E_t E_t A E_t],0.6125991344451904
14,0.0,0.5,245305,True,0.9999998775694678,0.9996502216416582,False,-1.781 + 0.716*exp(-0.185*r) + 0.716/(0.185*r + 0.277),0.9999999062324108,-1.293 + 0.716*exp(-0.185*r) + 0.716/(0.185*r + 0.277),[sub add div A exp div r R div A add div r R add c c E_t],41.46772885322571
15,0.0,0.5,241165,True,0.999999833233123,0.999591795694828,False,1.844 - 53.648/(log(28.26/r) + 14.768 + 28.26/r),0.9999998753859402,2.009 - 53.648/(log(28.26/r) + 14.77 + 28.26/r),[add E_t add E_t div A add add log div R r div R r exp c],99.046306848526
16,0.0,0.5,243058,True,0.9999999442302192,0.9997638994932136,False,-r*exp(-0.456/(0.333*r + 1.371))/(0.279*r + 0.382) + 2.149,0.9999999077567896,-r*exp(-0.456/(0.333*r + 1.371))/(0.279*r + 0.382) + 2.009,[sub add E_t div div r exp div div R add R div r c c add div R A div r A A],75.37854719161987
17,0.0,0.5,241181,True,0.9999999999937172,0.9999974934850948,True,-1.296 + 3.777*log(r + 1)/r,0.9999999999929784,-1.766 + 3.777*log(r + 1)/r,[add div log div add R r R div div r R A E_t],0.6291558742523193
18,0.0,0.5,243317,True,0.9999999976638134,0.9999516682221388,True,-2.564 - 3.777*log(-1/(r + 1))/r,0.9999999986790912,-1.766 - 3.777*log(-1/(r + 1))/r,[add div log div R sub neg div r div r r R mul r inv mul R A E_t],48.76543402671814
19,0.0,0.5,243932,True,0.9999996565436852,0.9994142917941116,False,-3.128 - 8.407/log(-0.374/(r + 1.819)),0.9999996296896324,-3.309 - 8.407/log(-0.374/(r + 1.819)),[add div A neg log div div neg R c add R r E_t],80.6861629486084
20,0.0,0.5,244834,True,0.9999999996359644,0.9999809206427752,True,-1.586 + 3.777*log(r + 1)/r,0.9999999999954752,-1.766 + 3.777*log(r + 1)/r,[add add add E_t add div log div add r R R div R div R div r div R inv A E_t E_t E_t],0.6676332950592041
21,0.0,0.5,244030,True,0.9999999996066296,0.9999801668231558,True,-1.416 + 3.777*log(r + 1)/r,0.9999999998839916,-1.766 + 3.777*log(r + 1)/r,[sub sub sub mul mul R log add div exp c div R r div r r neg inv div r A A E_t E_t],0.6379029750823975
0,0.0,1.0,243932,True,0.9999999999450836,0.999992589484638,True,-2.254 + 3.777*log(r + 1)/r,0.9999999999891072,-1.766 + 3.777*log(r + 1)/r,[sub sub add E_t mul R mul log add div r div R inv c 1.0 inv div r A A A],0.6754288673400879
1,0.0,1.0,243628,True,0.9999999993667396,0.9999748359702234,True,-0.887 + 3.777*log(r + 1)/r,0.9999999995349408,-1.766 + 3.777*log(r + 1)/r,[sub mul log add div E_t div E_t div r R c inv div r div R inv A E_t],1.0202867984771729
2,0.0,1.0,241349,True,0.9999999180664084,0.999713841466427,False,(-1.68*r**2 - 1.143*r + 16.686)/(1.027*r**2 + 7.329*r + 8.43),0.9999999047140192,-3.616*r/(r + r/(1.026*r + 4.329) + 1.95) + 2.005,[sub E_t div A div div add add add R div r add add add div r R c c 1.0 r R r c],42.059624910354614
3,0.0,1.0,242050,True,0.9999999998491362,0.999987717488276,True,-1.416 + 3.777*log(r + 1)/r,0.9999999999234752,-1.766 + 3.777*log(r + 1)/r,[add add E_t add add add mul mul div log div add r R R r R A E_t E_t E_t E_t],0.8873703479766846
10,0.0,1.0,244646,True,0.9999999999029914,0.999990150805289,True,-0.887 + 3.777*log(r + 1)/r,0.9999999999577552,-1.766 - 3.777*log(1/(r + 1))/r,[add E_t add add add div log div R add R r div r div R inv A A E_t A],0.8646337985992432
11,0.0,1.0,243338,True,0.9999999999738364,0.9999948849734498,True,-2.053 + 3.777*log(r + 1)/r,0.9999999999814304,-1.766 + 3.777*log(r + 1)/r,[sub A add add add div log add div r R div r r div r div R inv A E_t A A],1.0850379467010498
12,0.0,1.0,244712,True,0.9999999998396294,0.99998733641169,True,-1.514 + 3.777*log(r + 1)/r,0.9999999999283112,-1.766 + 3.777*log(r + 1)/r,[sub add add add E_t E_t mul log add div r R 1.0 div R div r A A A],0.8876700401306152
13,0.0,1.0,245675,True,0.9999999999158932,0.99999082910715,True,-1.57 + 3.777*log(r + 1)/r,0.9999999999222036,-1.766 + 3.777*log(r + 1)/r,[add add E_t add add A add neg mul log add div r R 1.0 div R div r A E_t A E_t],0.8739497661590576
14,0.0,1.0,245202,True,0.9999996283513144,0.999390741464278,False,(-2.822*r**2 - 1.802*r + 10.145)/(1.388*r**2 + 7.153*r + 6.636),0.9999997388682982,2.017 - 4.945/(2.577*(1.388 + 2.577/r)/(r + 2.577) + 1.388),[add E_t add div A add div R div add r R add div R r c c E_t],51.7541618347168
15,0.0,1.0,244681,True,0.9999999998396294,0.9999873364115324,True,-1.931 + 3.777*log(r + 1)/r,0.9999999999283112,-1.766 + 3.777*log(r + 1)/r,[add add E_t div mul log div add R r R R div r A E_t],0.792029857635498
16,0.0,1.0,243263,True,0.9999999998396294,0.9999873364111292,True,-1.626 + 3.777*log(r + 1)/r,0.9999999999283112,-1.766 + 3.777*log(r + 1)/r,[add sub add E_t add mul log div add r R R div R div r A A A E_t],0.8697619438171387
17,0.0,1.0,244652,True,0.9999996291005756,0.9993913555469692,False,(-1.484*r**2 + 5.036*r + 16.418)/(1.385*r**2 + 7.115*r + 6.601),0.9999996508334242,2.014 - 4.926/(2.581*(1.383 + 2.581/r)/(r + 2.581) + 1.383),[add E_t div A add div R div add R r add div R r c c],51.14247488975525
18,0.0,1.0,245778,True,0.9999996306086364,0.9993925934157945,False,(-1.262*r**2 - 1.558*r + 3.135)/(0.539*r**2 + 2.774*r + 2.573),0.9999996985885952,-1.543 + 4.938/(r*(0.539*r + 1.387)/(r + 1.855) + 1.387),[sub add add div A add div r div add R r add div r R c c A A E_t],50.47982215881348
19,0.0,1.0,240634,True,0.9999999999583088,0.999993543161862,True,-1.586 + 3.777*log(r + 1)/r,0.999999999968682,-1.766 + 3.777*log(r + 1)/r,[sub sub div mul log div add add r r R R R add div r A div r A E_t E_t],1.0064127445220947
20,0.0,1.0,242207,True,0.9999999998396294,0.9999873364110546,True,-1.586 + 3.777*log(r + 1)/r,0.9999999999283112,-1.766 + 3.777*log(r + 1)/r,[add add div log add div r r div r R div r div R inv A E_t E_t],0.9506738185882568
21,0.0,1.0,240708,True,0.999999999864073,0.9999883413603624,True,-1.416 + 3.777*log(r + 1)/r,0.9999999999105192,-1.766 + 3.777*log(r + 1)/r,[add add div log div add r add add r add r r R R div r div R inv A A E_t],0.798896312713623
0,0.001,1e-06,243950,True,0.999912495021342,0.9907322844237928,False,-0.757 + 2.149*exp(-0.651*r),0.9994598406479152,-0.413 + 2.267*exp(-0.576*r),[add E_t add A mul add log c exp mul r neg inv R neg E_t],37.478270053863525
1,0.001,1e-06,242084,True,0.9999972940888584,0.998357736075112,False,(7.356 - 1.192*(r + 0.622)**0.759)/(1.342*(r + 0.622)**0.759 + 1.318),0.9999995840709828,-1.676 + 8.15/(1.306*(r + 0.672)**0.793 + 1.261),[sub add E_t add div E_t add div exp div log add div r R c c c c E_t A],47.60075902938843
2,0.001,1e-06,245357,True,0.999997349961934,0.9983747519796944,False,1.755*log((-0.153*r - 0.905)/(1.685*r + 1.321)) + 2.659,0.9999876808267092,2.173*log(-0.729 + 1/(1.729 + 1.622/r)) + 2.686,[add A add add A add add mul log sub add inv add div R r c 1.0 c E_t E_t E_t E_t],82.5131688117981
3,0.001,1e-06,241266,True,0.999998007680914,0.9985904941740466,False,3.987/(0.806*r + 1)**0.577 - 1.632,0.9999998683350566,4.515*(1/(r + 1.241))**0.577 - 1.982,[add sub sub mul add exp mul log div R inv div r add mul r r div r inv R c 1.0 A E_t E_t E_t],34.011589765548706
10,0.001,1e-06,241840,True,0.9999964331379344,0.9981149463435738,False,(11.014 - 1.643*(r + 0.436)**0.798)/(1.939*(r + 0.436)**0.798 + 2.505),0.9999998113743728,-1.726 + 13.137/((r*(2.295 + 1/r))**0.798 + 2.505),[add mul inv add add exp div log div add inv R inv r div r div r inv r c c c A E_t],54.291861057281494
11,0.001,1e-06,242247,True,0.999996581053152,0.9981543731974868,False,1.177 - 0.836*log(-(2.036*r**2 + 0.713*r + 0.35)/(r + 0.491)),0.9999708880637648,1.601 - 0.834*log(-2.366*r**2/(r + 0.423) - 0.799),[add mul log sub sub mul neg r div div r add r R R c 1.0 A E_t],169.6702163219452
12,0.001,1e-06,243507,True,0.9999980669137628,0.99861157568605,False,-3.044 + 8.313/log(2.616*r + 4.801),0.9999996520521632,-3.294 + 8.313/log(2.623*r + 4.802),[sub add sub E_t div A log add add add div r R div r r c c A A],59.74134016036987
13,0.001,1e-06,243651,True,0.9999979882320648,0.998583640865063,False,1.278*log(0.846 - 1.182*exp(1/(0.448*r + 0.591))) + 0.012,0.999999737166584,1.273*log(0.848 - 1.179*exp(1/(0.445*r + 0.589))) - 0.181,[add mul log neg sub div exp inv add inv div R r inv add c c c c A E_t],50.35632610321045
14,0.001,1e-06,241523,True,0.9999205356653946,0.9911644852166236,False,-1 + 2.172*exp(-0.465/r)/r,0.8894807830700496,-0.187 + 0.857*exp(0.002/r)/r,[sub E_t mul add div inv div div exp neg div R r R c r c E_t],52.31442618370056
15,0.001,1e-06,244643,True,0.999998287651656,0.9986931428237468,False,1.818*log((0.21*r + 1.169)/(1.422*r + 1.148)) + 1.818,0.8883063844679767,1.958*log(0.173 + 1/(1.358*r + 1.173)) + 1.958,[sub neg mul E_t log add inv add add inv div R r c div R R c E_t],68.80671620368958
16,0.001,1e-06,240933,True,0.999998213188823,0.9986650678601992,False,6.113*log(0.56*r**2 + 4.577*r + 6.229) - 6.113*log(0.715*r**2 + 4.567*r + 4.382),-0.0879108008629452,-0.166*log(-0.249 - 1/(1.196*r - r/(r - 1.672) + 0.498)),[mul log add inv add add add div r add add R R r div r R c c c E_t],1136.777783870697
17,0.001,1e-06,244661,True,0.9999961924378544,0.9980525025925912,True,-1.298 + 3.791*log(0.996*r + 1)/r,0.9999726391860012,-1.765 + 3.773*log(1.001*r + 1)/r,[add div mul log add inv div div exp c exp inv c div r R c R div r E_t A],1.4561069011688232
18,0.001,1e-06,243639,True,0.9999963452967078,0.9980919199008228,False,0.481*r - 1.705*log(0.894 - 1.119*exp(0.282*r)) - 1.329,0.9999573989719972,-1.311*log(-1.049 + 0.954*exp(-0.164*r)) - 1.024,[sub E_t add add div log sub exp neg add div r R c exp c inv E_t A A],50.76551008224487
19,0.001,1e-06,240868,True,0.9999982941476192,0.9986956207889308,False,1.56*log(1.116*exp(0.652/(0.558*r + 0.652)) - 0.896) + 1.006,0.9999987702687112,1.561*log(1.116*exp(0.654/(0.558*r + 0.654)) - 0.896) + 0.825,[add E_t mul log sub div exp div R add div r add c c R c c A],87.06626987457275
20,0.001,1e-06,244045,True,0.999998270589418,0.9986866565776528,False,1.187*log(exp((2.176*r + 1.905)/((2.176*r + 0.952)*(2.176*r + 1.905) + 1)) - 0.952) + 2.142,0.9999994143486618,1.154*log(exp(1/(2.259*r + 0.959 + 1/(2.259*r + 1.919))) - 0.959) + 1.98,[sub mul log sub exp inv add add div r R inv add add div r R c c c c A E_t],305.8175559043884
21,0.001,1e-06,240991,True,0.9999977782912992,0.9985116786673318,True,-1.419 + 3.795*log(0.995*r + 1)/r,0.999999941411758,-1.77 + 3.795*log(0.995*r + 1)/r,[sub E_t add sub div mul add R R log add mul r inv R c inv neg inv div r A E_t A],0.9053139686584472
0,0.001,0.25,242779,True,0.9999974542299536,0.9984069947718612,False,1.0*(-2.254*r + 3.774*log(r + 1) + 0.0101760363005692)/r,0.9999999948984944,1.0*(-1.766*r + 3.774*log(r + 1) + 0.00811003630056906)/r,[sub sub mul div sub log add div add r add R R R c c r div R inv A A E_t],42.12435793876648
1,0.001,0.25,242133,True,0.999997939784129,0.9985667120532816,False,-0.684 + 6.061/log(7.389*exp(0.655*r) - 1.932),0.9999999701802312,-1.564 + 6.061/log(7.389*exp(0.655*r) - 1.932),[add E_t add div A log add exp div add add r R R R c E_t],76.87558603286743
2,0.001,0.25,240569,True,0.999997725735552,0.9984942043797376,True,(-1.792*r + 3.776*log(-r - 1))/r,0.9999999836074094,-1.766 + 3.776*log(-r - 1)/r,[sub add mul log sub neg div r R div R R neg div R neg div r A E_t A],22.09576106071472
3,0.001,0.25,243808,True,0.9999978302259878,0.9985291513035808,False,-0.56 + 2.913/(r/(0.378*r + 3.167) + exp(0.316*r)),0.9999988400083732,-0.91 + 2.913/(r/(0.379*r + 3.164) + exp(0.316*r)),[sub add E_t add div A add div r add R div r c exp div r R E_t E_t],68.51693272590637
10,0.001,0.25,241599,True,0.9999979011382564,0.9985533509397432,False,1.0*(-0.887*r + 3.778*log(r + 1) + 0.00123789640770733)/r,0.9999999995132868,1.0*(-1.767*r + 3.778*log(r + 1) + 0.00123789640770733)/r,[add E_t mul R div add log add div r R c 1.0 neg div r A],40.56749176979065
11,0.001,0.25,240493,True,0.9999979785365354,0.998580236801306,True,-2.053 + 3.778*log(r + 1)/r,0.9999999923494494,-1.767 + 3.778*log(r + 1)/r,[sub A add add add div log add div r R div r r div r div R inv A E_t A A],1.000871181488037
12,0.001,0.25,245053,True,0.9999978691256656,0.998542376305095,True,-1.514 + 3.776*log(r + 1)/r,0.9999999984685976,-1.766 + 3.776*log(r + 1)/r,[sub add add add mul R mul log add div add r R R c inv div r A E_t A E_t E_t],0.8238978385925293
13,0.001,0.25,244006,True,0.999997974074498,0.9985786729478102,False,(-1.57*r + 3.778*log(r + 1) - 3.778*I*pi)/r,0.9999999988531988,-1.767 - 3.778*log(-1/(r + 1))/r,[sub E_t div mul log add add div r add add r R R add c c c R div r A],77.51412606239319
14,0.001,0.25,242220,True,0.9999976577388224,0.9984718939172806,False,(-0.7*r**2 - 1.736*r + 4.579)/(0.331*r**2 + 2.536*r + 3.025),0.999999873669423,-3.63*r/(r + (r + 3.023)/(0.331*r + 1.539)) + 2.004,[add div A div add div add r R add div add r R R c r r E_t],51.55832386016846
15,0.001,0.25,242648,True,0.9999974704920294,0.9984120827948584,False,(-9.574*r**2 + 2.003*r + 49.68)/(5.585*r**2 + 28.919*r + 26.812),0.9999996795222024,2.018 - 9.961/(5.179*(2.792 + 5.179/r)/(2*r + 5.179) + 2.792),[add add div A add div R div add r add r R add div R r c c A E_t],47.343334913253784
16,0.001,0.25,245136,True,0.9999980591514526,0.99860879474325,True,(-1.626*r + 3.78*log(2.716*r + 2.718) - 3.78)/r,0.9999999973420436,-1.767 + 3.78*log(r + exp(-1) + 0.632)/r,[sub div div log add div r R add inv exp div r r c r inv div R inv A E_t],1.407965898513794
17,0.001,0.25,244877,True,0.9999977474051494,0.9985013845181228,True,-1.295 + 3.774*log(r + 1)/r,0.9999999891857252,-1.766 + 3.774*log(r + 1)/r,[add E_t mul div log div add add div r div r r R r R r div R inv A],1.1626958847045898
18,0.001,0.25,241095,True,0.999996977685321,0.9982645365033797,False,(-0.622*r**2 - 3.992*r + 5.01)/(0.24*r**2 + 3*r + 4.175),0.9999993713813758,-1.796 + 4.172/(0.264*r + r/(0.909*r + 3.794) + 1.1),[neg sub E_t div R add add div r add A div r div R A div r A div R A],52.067981243133545
19,0.001,0.25,242069,True,0.9999980388731258,0.9986015559871346,True,-1.586 + 3.777*log(r + 1)/r,0.9999999999655832,-1.766 - 3.777*log(1/(r + 1))/r,[add div log div R add R r div r div A div div r R r E_t],0.5641970634460449
20,0.001,0.25,241545,True,0.9999977634094788,0.9985067097565676,False,-0.919 + 3.099*exp(-0.165*r*(0.165*r + 1.391)/(0.165*r + 0.391)),0.9999997749972244,-1.1 + 3.101*exp(-0.165*r*(0.165*r + 1.391)/(0.165*r + 0.391)),[add E_t div A exp div add r div r add add div r R c c R],123.3400011062622
21,0.001,0.25,244766,True,0.9999977429121816,0.9984998929535076,True,-1.416 + 3.778*log(r + 1)/r,0.9999999956450102,-1.767 + 3.778*log(r + 1)/r,[add mul mul log add div div R c div R div r R c R inv div r A E_t],0.8627090454101562
0,0.001,0.5,240347,True,0.9999977070249242,0.9984880322394624,True,-2.255 + 3.782*log(0.999*r + 1)/r,0.9999999917976556,-1.767 + 3.782*log(0.999*r + 1)/r,[add E_t div log add div add r div r div r R R c div r div R inv A],0.956942081451416
1,0.001,0.5,240573,True,0.9999979233456592,0.99856101352129,True,-0.886 + 3.777*log(r + 1)/r,0.9999999963712752,-1.766 - 3.777*log(1/(r + 1))/r,[add E_t div log div R add R r div exp 1.0 div R div r A],1.060859203338623
2,0.001,0.5,242205,True,0.9999977584265028,0.9985050496915004,True,-1.793 + 3.779*log(r + 1)/r,0.9999999905778204,-1.767 + 3.779*log(r + 1)/r,[add add sub add add mul log add div r R div R R div R div r A E_t E_t E_t E_t A],1.041553020477295
3,0.001,0.5,244190,True,0.9999971572168064,0.9983167824849384,False,-0.721 + 2.375/(exp(0.228*r) + exp(r/(r + 4.377)) - 1.226),0.9999994437553728,-1.071 + 2.375/(exp(0.228*r) + exp(r/(r + 4.377)) - 1.226),[add add add div A add add exp div r add r R exp div r R c A E_t E_t],96.0882339477539
10,0.001,0.5,242362,True,0.9999978803395052,0.9985462111923838,True,-0.887 + 3.778*log(r + 1)/r,0.9999999974052344,-1.766 + 3.778*log(r + 1)/r,[add E_t div log div add add r R r R div r div R div r div r inv A],1.1704950332641602
11,0.001,0.5,243838,True,0.9999977654320116,0.9985073840871596,False,-1.848 + 6.07/log(7.389*exp(0.659*r) - 1.911),0.9999999544662992,-1.562 + 6.07/log(7.389*exp(0.659*r) - 1.911),[add E_t div A log add div exp add div add r R R div R R 1.0 c],76.44729709625244
12,0.001,0.5,240081,True,0.9999977270112628,0.9984946261286854,True,(-1.514*r + 3.779*log(r + 1) - 0.001)/r,0.9999999977444078,-1.767 - 3.779*log(1/(r + 1))/r,[add A add E_t add mul log div R add r R div R div r A A],0.8832230567932129
13,0.001,0.5,245126,True,0.999997718655714,0.99849186594472,True,(-1.572*r + 3.784*log(-0.998*r - 1))/r,0.9999999839484304,(-1.768*r + 3.784*log(-0.998*r - 1))/r,[add E_t mul mul div log add div r r add add add div r R c c c r R A],22.45776057243347
14,0.001,0.5,240806,True,0.9999974032772374,0.9983911575440176,False,(-1.012*r**2 - 2.277*r + 6.246)/(0.483*r**2 + 3.518*r + 4.126),0.9999997820185696,-1.606 + 7.331/(0.695*r + 0.695*r/(0.695*r + 2.032) + 2.032),[add E_t add div A add div add r div r add div r R c R c E_t],49.76826095581055
15,0.001,0.5,242899,True,0.9999977345604608,0.9984971243205528,False,(-0.591*r**2 - 0.931*r + 5.583)/(0.329*r**2 + 2.543*r + 3.037),0.9999999011423264,-1.629 + 11.035/(r*(0.329*r + 1.546)/(0.329*r + 1) + 3.037),[add div A div add R div r div add div r R 1.0 add add div r R c c R E_t],49.0354540348053
16,0.001,0.5,242237,True,0.9999979701101712,0.9985772849800908,True,-1.625 + 3.776*log(r + 1)/r,0.9999999944969988,-1.766 + 3.776*log(r + 1)/r,[sub E_t div div log mul add r mul R div R R inv R r inv div R inv A],1.069169998168945
17,0.001,0.5,240410,True,0.9999976886465164,0.9984819942312791,False,(7.07 - 1.81*(r + 0.644)**0.756)/(1.395*(r + 0.644)**0.756 + 1.323),0.999999969429324,-1.769 + 8.787/(1.394*(r + 0.644)**0.756 + 1.323),[add add E_t div A add exp div log add div R R div r R c c E_t],58.2804069519043
18,0.001,0.5,241397,True,0.9999970373258896,0.9982817155579364,False,(-0.684*r**2 - 4.406*r + 5.53)/(0.263*r**2 + 3.307*r + 4.614),0.9999994393623458,-1.798 + 4.181/(0.263*r + 1.102*r/(r + 4.181) + 1.102),[sub add E_t div R add add div r div add R r div R A div R A div r A A],54.598918199539185
19,0.001,0.5,241815,True,0.999994735458541,0.9977107936300924,True,(0.045 - 0.011*r)/(0.012*r + 0.021),0.9999976184870004,-0.036*r - 0.036*r/(0.012*r + 0.021) + 1.995,[add E_t add add add div add r div r add div r R exp c div R A E_t A E_t],1.456167221069336
20,0.001,0.5,243165,True,0.9999979080937996,0.9985557465324912,False,(-1.48*r**2 + 0.725*r + 17.285)/(1.035*r**2 + 7.087*r + 7.895),0.9999999682089928,-3.619*r/(r + r/(1.035*r + 4.087) + 1.932) + 2.009,[add E_t div A div add add R add div r add add add div r R c c c r R r],40.38598990440369
21,0.001,0.5,240110,True,0.9999976478118526,0.9984686640855888,True,-1.416 + 3.777*log(r + 1)/r,0.9999999995349642,-1.766 - 3.777*log(1/(r + 1))/r,[sub E_t div log div R add r R div r div R inv A],0.9043750762939452
0,0.001,1.0,241704,True,0.999997761417611,0.9985060459489198,True,-2.255 + 3.779*log(r + 1)/r,0.9999999935604308,-1.767 + 3.779*log(r + 1)/r,[add E_t add mul mul log add div r R div r r A div R r E_t],0.920706033706665
1,0.001,1.0,242923,True,0.9999978861228996,0.998548192963006,True,-0.887 + 3.777*log(r + 1)/r,0.9999999981446483,-1.766 + 3.777*log(r + 1)/r,[add sub div mul log add mul div div r R R R add c add c 1.0 R div r A A E_t],1.1918647289276123
2,0.001,1.0,240425,True,0.9999978281634953,0.9985284534357104,True,-1.793 + 3.777*log(r + 1)/r,0.9999999971482132,-1.766 + 3.777*log(r + 1)/r,[add sub E_t mul mul add log div add R r R add exp c c R inv div r A A],1.2483341693878174
3,0.001,1.0,243608,True,0.9999977736931114,0.9985101415952676,True,-1.416 + 3.776*log(r + 1)/r,0.9999999993886776,-1.766 + 3.776*log(r + 1)/r,[sub add E_t div log div add R r R div div r R A A],1.0116491317749023
10,0.001,1.0,240902,True,0.9999978307131828,0.9985293162001008,False,-0.68 + 6.074/log(7.389*exp(0.661*r) - 1.897),0.9999999698813092,-1.559 + 6.074/log(7.389*exp(0.661*r) - 1.897),[add div A log add add exp div add add add R r r R R 1.0 c E_t],78.71005201339722
11,0.001,1.0,245708,True,0.9999978497787176,0.9985357837882995,True,(-2.054*r + 3.779*log(-r - 1))/r,0.9999999978342528,-1.767 + 3.779*log(-r - 1)/r,[sub add add div log neg add div R R add div r R c div r div R inv A E_t E_t A],22.148627996444706
12,0.001,1.0,242526,True,0.9999978399469678,0.9985324449955628,True,-1.514 + 3.777*log(r + 1)/r,0.999999999773924,-1.766 + 3.777*log(r + 1)/r,[sub add add add E_t E_t mul log add div r R 1.0 div R div r A A A],0.876727819442749
13,0.001,1.0,243943,True,0.9999977456766336,0.9985008105131546,True,-1.57 + 3.779*log(r + 1)/r,0.9999999969221148,-1.767 + 3.779*log(r + 1)/r,[sub mul log neg sub mul r neg div exp 1.0 R 1.0 div R neg div r A E_t],1.414013147354126
14,0.001,1.0,245977,True,0.9999976850381675,0.9984808115821862,False,-2.013 + 7.072/(log(2.718*exp(0.819*r) - 0.632) + 1.264),0.9999997921574724,-1.528 + 7.073/(log(2.718*exp(0.817*r) - 0.632) + 1.263),[add div A add add log sub exp add div R R div r R c c c E_t],86.74838304519653
15,0.001,1.0,242872,True,0.9999978535947844,0.998537081759462,True,(-1.931*r + 3.778*log(r + 1) - 0.001)/r,0.9999999978094052,-1.767 - 3.778*log(1/(r + 1))/r,[add div add log div R add R r inv div R r div r div R inv A E_t],1.3660049438476562
16,0.001,1.0,240965,True,0.9999975141949372,0.9984258382851968,False,1.147*exp(-0.162*r + 2.351/(r + 2.351)) - 0.976,0.999999817211366,1.147*exp(-0.162*r + 2.351/(r + 2.351)) - 1.117,[sub add A div exp div R add R r div exp neg div c div R r A E_t],1121.887288093567
17,0.001,1.0,243779,True,0.99999770636798,0.9984878159909304,True,-1.295 + 3.776*log(r + 1)/r,0.9999999989045232,-1.766 + 3.776*log(r + 1)/r,[add div log add div r r div r R inv div R div r A E_t],1.267843246459961
18,0.001,1.0,242822,True,0.9999977219123356,0.9984929411378142,True,-2.565 - 3.778*log(-1/(r + 1))/r,0.9999999955668376,-1.767 - 3.778*log(-1/(r + 1))/r,[sub div log div R sub neg div r div r r R mul r inv mul R A E_t],52.74708890914917
19,0.001,1.0,241776,True,0.9999977834601086,0.9985134083913996,True,-1.586 + 3.776*log(r + 1)/r,0.999999997499708,-1.766 - 3.776*log(1/(r + 1))/r,[sub add E_t mul neg log div R add R r div R div r A A],1.3547189235687256
20,0.001,1.0,240528,True,0.9999978004045118,0.9985190930078618,True,(-1.586*r + 3.779*log(-r - 1))/r,0.9999999991052791,-1.767 + 3.779*log(-r - 1)/r,[add E_t add E_t div log add div add r add R R R c div r div R inv A],22.06109404563904
21,0.001,1.0,242837,True,0.9999978171070752,0.9985247180233328,True,-1.416 + 3.778*log(r + 1)/r,0.9999999992808384,-1.766 + 3.778*log(r + 1)/r,[add add E_t E_t add add mul mul log add div r R div R R R inv neg div r A A A],1.1203899383544922
0,0.01,1e-06,243536,True,0.9916198384615416,0.9161341297561963,False,0.581*(1 - 0.932*r)**0.871/r**0.871 + 0.309,0.9981664264510264,1.377 - 2.234*(-1 + 0.077/r)**18.357,[sub E_t sub mul mul neg exp div log sub div R r 1.0 c A c E_t],30.7735276222229
1,0.01,1e-06,243181,True,0.9997309324560844,0.9838614467328012,False,(-0.584*r - 11.281*log(r + 3.47) + 11.281*log(2.004*r + 3.485))/r,0.9999919340355768,-1.405 + 10.509*log(r/(r + 3.232) + 1.003)/r,[add mul mul div log add c div r add add r R R r R A E_t],27.12481927871704
2,0.01,1e-06,242787,True,0.999744119199608,0.9842555775264328,False,(13.457 - 4.759*r)/(3.455*r + 7.06),0.9795375238369144,1.961 - 25.304/(7.746 + 15.098/r),[sub sub mul E_t add exp add log add div A add mul R div E_t r E_t c c c A E_t],34.00130796432495
3,0.01,1e-06,241087,True,0.9998013627109612,0.9861020024613604,False,4.054 - 1.739*exp(0.007*r*(0.007*r + 1.008)/(0.007*r + 0.008)),0.9990918741535746,4.125 - 1.769*exp(0.007*r + 0.007*r/(0.007*r + 0.005)),[add A mul exp div add add add R R div r add div r R c r R E_t],13.00539493560791
10,0.01,1e-06,244986,True,0.999647703642042,0.9815762463929228,False,0.641*log(0.011 - 1.011*exp(-1.329*r) - 0.752/r) + 1.725,0.0,log(-1 - 0.368*exp(-r) - 1/r) + 1,[add A mul log neg add add inv exp add c div r R c div R r E_t],181.8413927555084
11,0.01,1e-06,242741,True,0.9996613306561436,0.9819295783854448,False,-0.291*r/(0.305 + 0.543*exp(-3.47/r)) + 1.468,0.9995466157974578,-0.205*r/(0.244 + 0.614*exp(-5.035/r)) + 1.694,[add mul R div mul div div A add exp neg add add div R r c c c R r R E_t],120.63983702659608
12,0.01,1e-06,245121,True,0.9998075401912416,0.9863168378919052,False,6.579*(1.413/r)**(r/(7.308*r + 1.413)) - 5.74,0.999946449496082,6.846*exp(log(1.457/r)/(7.619 + 1.457/r)) - 6.283,[sub add A add mul exp div log div R r add div R r c E_t E_t E_t],113.18540000915527
13,0.01,1e-06,244725,True,0.9998001527358285,0.9860603268932704,False,-0.767*r*(log((0.976*r + 5.07)/(0.977*r - 0.121)) - 0.024) + 2.527,0.9999964536026364,-0.743*r*(log((0.976*r + 5.27)/(0.976576*r - 0.12648)) - 0.024) + 2.317,[add neg mul mul add log inv add inv add div add r R r c c c r inv div R A E_t],77.7719030380249
14,0.01,1e-06,242573,True,0.9921439141171404,0.9185818945508142,False,1.095 - 0.73*r,0.9611678941458026,0.52*log(exp(-0.952*r)) + 1.37305763885088,[sub mul div log div exp inv mul neg R inv r c R div R neg div c E_t A],18.44797205924988
15,0.01,1e-06,240580,True,0.9998290145149692,0.987092636688134,False,-0.693*log(r) + 0.693*log(exp((-1.158*r**2 - 0.864)/r) + 0.658) + 0.849966099512623,0.9999437821440718,0.696*log((0.9 + 1.457*exp(-(1.111*r**2 + 0.9)/r))/r) + 0.789,[add add mul log div add div R exp add div r R add div R r c R r A E_t A],170.67935609817505
16,0.01,1e-06,240901,True,0.999821922009245,0.9868311463366038,False,1.315*log(1.056*exp(1/(1.034*r + 1)) - 0.945) + 1.315,0.8510847699449678,-101.26*log(0.824*exp(1/(264.613*r + 1)) - 1.193) - 101.26,[add mul E_t log sub add exp add inv add div r R 1.0 c c 1.0 E_t],40.64793086051941
17,0.01,1e-06,240195,True,0.999618991070074,0.9808542641920276,False,(3.154 - 0.768*r**0.837)/(0.611*r**0.837 + 1.195),0.9999785343506375,-1.343 + 3.376/(0.521*r**0.984 + 1.017),[add A div E_t add exp div log inv div R r c c],101.68605613708496
18,0.01,1e-06,242115,True,0.9996341918146864,0.9812328303454688,False,1.024*log(0.063 + 0.342/r - 0.322*exp(-2.921*r)/r) + 1.024,0.9997271615782686,1.407*log(0.155 + (0.628 - 0.538*exp(-1.592*r))/r) + 1.407,[sub neg mul log add mul sub R div inv exp add inv div R r c inv R inv r c A A],79.52151083946228
19,0.01,1e-06,242190,True,0.9998308079294078,0.987159634349824,False,(6.977 - 0.243*log(exp(7.804*r) - 1.354))/(0.209*log(exp(7.804*r) - 1.354) + 3.287),0.9999461059160684,-1.326 + 10.695/(0.236*log(exp(6.927*r) - 1.406) + 3.27),[add mul E_t add div E_t add mul log add exp inv div R r c A E_t c E_t],106.79245209693909
20,0.01,1e-06,240547,True,0.9998275980582396,0.9870399756158716,False,0.944*log(exp(r/(r*(4.569*r + 0.992) + 0.219)) - 0.992) + 2.563,0.999764943759518,0.916*log(exp(r/(r*(4.632*r + 0.995) + 0.216)) - 0.995) + 2.366,[add add mul log sub exp inv add add div r R div R r c c E_t A E_t],88.06398010253906
21,0.01,1e-06,243402,True,0.9997776710874284,0.9853083646135646,False,0.326/(r**0.5*log(1.005 + 0.006/r)**0.5) - 1.882,0.982953779906357,0.111*(zoo/r)**0.5 - 2.32,[sub neg A mul E_t sqrt div R mul log add div R r c r],2.905225992202759
0,0.01,0.25,244166,True,0.999745181355395,0.9842877749217044,False,-1.532*r/log(exp(0.437*r + 1) - 0.448) + 1.52,0.9999998379334842,-1.52*r/log(exp(0.431*r + 1) - 0.473) + 2.011,[add add A sub add div r div log add exp add div r r div r R c div A R E_t A A],63.85631895065307
1,0.01,0.25,240959,True,0.999793909701412,0.9858473281200848,False,-1.517*r/log(2.718*exp(0.431*r) - 0.472) + 2.889,0.9999998409393038,-1.519*r/log(2.718*exp(0.431*r) - 0.468) + 2.009,[add div r div log add add add exp div add R r R c c c inv div R A E_t],77.16435408592224
2,0.01,0.25,241018,True,0.9997731689242308,0.9851625532992636,True,-1.793 - 3.773*log(-0.998/(r + 0.998))/r,0.9999999746425248,-1.766 - 3.775*log(-1/(r + 1))/r,[sub mul log div neg R add r R div R neg div r A E_t],49.79067611694336
3,0.01,0.25,242097,True,0.9997921916194068,0.9857892949135032,False,-2.899 + 7.97/log(2.412*r + 4.567),0.9999994839287818,-3.237 + 7.962/log(2.440098*r + 4.571),[sub add add add add E_t div A log add mul div r R add div r r c c A E_t E_t A],61.44590187072754
10,0.01,0.25,244540,True,0.9997902922471472,0.9857254245126889,False,2.886 - 3.594/(exp(0.858/(r + 3.836)) + 1.918/r),0.9999998044335108,2.009 - 3.594/(exp(0.851/(r + 3.823)) + 1.911/r),[add div A add exp div R div add add r R R c div R r E_t],60.61969614028931
11,0.01,0.25,243413,True,0.9997982479394536,0.9859949812733386,False,(5.067 - 2.43*(r + 0.834)**0.693)/(1.134*(r + 0.834)**0.693 + 0.693),0.9999999480010672,-1.857 + 6.547/(1.134*(r + 0.834)**0.692 + 0.692),[add E_t div A add exp div log div add r add R r R inv c c],59.97630500793457
12,0.01,0.25,243744,True,0.9997868210876576,0.9856094634848332,False,(0.819 - 0.272*(r + 0.795)**0.7)/(0.171*(r + 0.795)**0.7 + 0.113),0.9999999127906962,-1.85 + 1/(0.17*(r + 0.8)**0.701 + 0.113),[add add inv add div exp div log add inv div R r c c A inv A E_t E_t],60.24034523963928
13,0.01,0.25,241045,True,0.9997981526798972,0.9859917216584848,False,(2.249 - 0.676*r**0.91)/(0.501*r**0.91 + 1),0.9999977603193227,-1.541 + 3.603/(0.506*r**0.907 + 1),[add div A sub add add exp add div log div r R c c c 1.0 c E_t],31.871920824050903
14,0.01,0.25,245477,True,0.9997671404588092,0.9849696236270408,False,(-0.059*r**2 - 3.027*r + 5)/(1.899*r + 3.354),0.9999986291320888,1.997 - 3.15/(0.029 + (1.737 + 1.737/(0.029 + 1.737/r))/r),[add E_t div A add add div add R div R add add div R r c c r c c],32.61580801010132
15,0.01,0.25,242866,True,0.999780219046615,0.985391559220966,False,-1.25 + 3.076*exp(-r*(0.014*r + 0.119)/(0.085*r + 0.205)),0.9999994434581226,-1.081 + 3.078*exp(-r*(0.01445*r + 0.11934)/(0.085*r + 0.202)),[add E_t add div A exp div add add r r div r add div r R c R E_t],31.249583959579468
16,0.01,0.25,242133,True,0.9998058856778544,0.9862589553899692,True,-1.63 + 3.804*log(0.992*r + 1)/r,0.9999998612093284,-1.772 + 3.804*log(0.992*r + 1)/r,[sub E_t sub div mul log add div add r add R R R c R div r A A],1.0000739097595217
17,0.01,0.25,241617,True,0.9997751839466096,0.9852276277943371,False,-2.768 + 8.003/log(2.476*r + 4.596),0.9999995470367664,-3.248 + 8.005/log(2.452*r + 4.595),[add add div div A log add div r div R exp div R R exp c c E_t E_t],62.03279709815979
18,0.01,0.25,241238,True,0.9997463403780876,0.9843229877366698,False,(-0.683*r**2 - 4.372*r + 5.487)/(0.263*r**2 + 3.289*r + 4.565),0.9999992527003388,-1.794 + 4.165/(0.264*r + 1.098*r/(r + 4.165) + 1.098),[sub E_t div R add add div R div add R r div r A div R A div r A],52.32559418678284
19,0.01,0.25,243426,True,0.999804350980236,0.986205490762671,False,(-12.831*r**2 + 20.164*r + 98.592)/(9.422*r**2 + 48.383*r + 44.909),0.9999997088882604,2.016 - 12.841/(3.61 + 6.702/(r - r/(3.61 + 6.702/r))),[add E_t div A sub div R sub neg div r neg add div R r c r c],51.74025273323059
20,0.01,0.25,244446,True,0.9997826608838364,0.985471755838592,False,-0.934 + 3.124*exp(-r*(0.065*r + 0.555)/(0.404*r + 0.934)),0.9999991342538226,-1.129 + 3.133*exp(-0.427*r*(0.372 + 1.129/(0.483*r + 1.129))),[add E_t div A exp div r div R add div E_t add div r div R E_t E_t c],57.847854137420654
21,0.01,0.25,241550,True,0.9997746442770548,0.9852101700015252,False,4.071/(0.836*r + 1)**0.549 - 1.713,0.9999996444537878,4.068*(1/(0.839*r + 1))**0.55 - 2.059,[add mul A exp div log inv add div r div R c 1.0 c E_t],35.04206991195679
0,0.01,0.5,242114,True,0.9997727832232536,0.9851501311917852,False,-4.007 + 9.794/log(3.518*r + 5.885),0.9999988495709288,-3.511 + 9.79/log(3.544*r + 5.89),[add E_t add add add add add add add div A log add div r R c E_t A E_t E_t E_t E_t E_t],57.20759987831116
1,0.01,0.5,243483,True,0.9997925317602274,0.9858007645142702,False,-0.242 + 3.126*exp(-r*(0.16*r + 1.375)/(r + 2.342)),0.9999997463593712,-1.125 + 3.128*exp(-0.854*r*(0.187 + 1.172/(r + 2.343))),[add mul exp mul add div R add R add R r inv c neg div r R A E_t],86.51180505752563
2,0.01,0.5,246387,True,0.999776426590654,0.985267908343432,True,(-1.801*r + 3.809*log(-0.992*r - 1))/r,0.999999863993964,(-1.773*r + 3.806*log(-0.365*E*r - 1))/r,[sub mul mul div log add div neg div r R inv exp inv div r r c r R A E_t],22.734190940856937
3,0.01,0.5,244996,True,0.999774913863004,0.9852188881551724,False,8.64*exp(1/log(4.494*r + 7.949)) - 11.643,0.9999991386914118,8.638*exp(1/log(4.521*r + 7.952)) - 11.986,[add E_t add mul exp inv log add add div r R div R R c A E_t],37.21204781532288
10,0.01,0.5,243739,True,0.9997880846766332,0.9856515629890732,False,3.439 - 4.29*exp(-0.659*log(-3.035*r - 1.01)/r),0.9999998796388,2.561 - 4.291*exp(-0.658*log(-3.04*r - 1.011)/r),[add E_t add mul exp mul div log add add div r r div add r r R c r R A E_t],169.9387481212616
11,0.01,0.5,244689,True,0.9997800527501022,0.9853861143039228,False,-1.412 + 3.129*exp(-0.16*r*(0.16*r + 1.377)/(0.16*r + 0.377)),0.9999997953546848,-1.122 + 3.126*exp(-0.16*r*(0.16*r + 1.375)/(0.16*r + 0.375)),[sub div A exp div add r div r add div r R c R E_t],100.10651326179504
12,0.01,0.5,241628,True,0.9997727896931874,0.9851503394766272,True,-1.52 + 3.803*log(0.994*r + 1)/r,0.9999999082913592,-1.768 + 3.789*log(0.996*r + 1)/r,[add E_t mul mul div log add add inv div R r div div r r 1.0 c r R A],1.1465232372283936
13,0.01,0.5,240338,True,0.9997718224583528,0.985119235367438,True,-1.584 + 3.844*log(0.983*r + 1)/r,0.9999990337475986,-1.781 + 3.843*log(0.983*r + 1)/r,[neg add add add add E_t add mul mul div log add add div r R c c r R A E_t E_t E_t E_t],1.1441450119018557
14,0.01,0.5,244919,True,0.999771660684603,0.9851140397165749,False,-1.868 + 0.645*exp(-0.149*r) + 0.645/(0.149*r + 0.236),0.999999720913848,-1.374 + 0.641*exp(-0.149*r) + 0.641/(0.149*r + 0.235),[sub add div A exp div r R div A add div r R c E_t],40.99537801742554
15,0.01,0.5,241759,True,0.9997798105102008,0.9853781866210198,False,-1.26 + 3.088*exp(-0.167*r*(0.167*r + 1.401)/(0.167*r + 0.401)),0.9999996313849158,-1.093 + 3.093*exp(-0.167*r*(0.167*r + 1.395)/(0.167*r + 0.395)),[sub div A exp div add r div r add add div r R c c R E_t],98.98981094360352
16,0.01,0.5,241307,True,0.9997971082654205,0.9859560353595984,False,1.689*log((-0.138*r - 0.862)/(r + 0.758)) + 1.945,0.999999494998936,1.689*log(r/(r + 0.761) - 1.137) + 1.802,[add E_t add mul log sub div r div r div r add R r c A A],82.56689405441284
17,0.01,0.5,240209,True,0.9997745982726012,0.9852086827975424,False,0.44*r - 1.816*log(0.461*r + (0.242*r + 0.678)*exp(0.242*r)) + 1.774,0.9999975298441938,1.305 - 1.82*log(0.242*r + 0.458*r*exp(-0.242*r) + 0.681),[sub E_t mul log add div add add R div r exp add add div r R c c r R c A],88.94395709037781
18,0.01,0.5,242126,True,0.9997541444178228,0.9845622775385092,False,(-0.621*r**2 - 4.001*r + 5.021)/(0.239*r**2 + 3*r + 4.189),0.9999994444534022,-1.799 + 15.878/(r + r/(0.239*r + 1) + 4.183),[add mul div R add add r div r add div r r div r R R A E_t],50.87911581993103
19,0.01,0.5,240640,True,0.9997947650492922,0.9858763127280994,False,-0.936 + 3.118*exp(-r*(0.013*r + 0.112)/(0.081*r + 0.191)),0.9999997649491212,-1.115 + 3.119*exp(-r*(0.013122*r + 0.11178)/(0.081*r + 0.19)),[add E_t add div A exp div add r add div r add div r R c r R E_t],32.19638395309448
20,0.01,0.5,241016,True,0.9997934085404944,0.9858303743417448,False,4.055/(0.84*r + 1)**0.553 - 1.864,0.9999996424600778,4.059/(0.836*r + 1)**0.553 - 2.05,[add div A div exp add div log add div r R div r r c 1.0 c E_t],34.66646695137024
21,0.01,0.5,241363,True,0.9997649258443128,0.9848993961761932,False,4/(0.813*r + 1)**0.572 - 1.644,0.9999998880481058,4.502*(1/(r + 1.229))**0.572 - 1.994,[add E_t sub A mul exp div log mul div div R add r R R R c A],34.49798607826233
0,0.01,1.0,240709,True,0.9997766039429036,0.9852736666395768,False,1.524 - 49.865/(log(26.026/r) + 13.693 + 26.026/r),0.9999995023450028,2.011 - 49.866/(log(26.025/r) + 13.702 + 26.025/r),[add E_t add div A add add add add log div R r div R r c c c E_t],160.51861095428467
1,0.01,1.0,240862,True,0.9997884701844566,0.9856644328000328,True,-0.884 + 3.777*log(r + 1)/r,0.9999999814161272,-1.767 + 3.784*log(0.998*r + 1)/r,[add E_t sub A div mul log add div add R div r exp c R c R div r A],1.4280970096588137
2,0.01,1.0,243964,True,0.99978312718444,0.9854871230583236,True,(-1.795*r + 3.785*log(-0.999*r - 1))/r,0.999999728814218,-1.769 + 3.785*log(-0.999*r - 1)/r,[add add add div mul log div add r R neg R R neg div r A A E_t A],22.569582223892212
3,0.01,1.0,244503,True,0.9997768607702732,0.9852820095169484,False,-3.162 + 9.8/log(3.553*r + 5.898),0.9999988767388251,-3.514 + 9.801/log(3.548*r + 5.896),[add E_t div R mul log div add R r div R c div R A],59.918940782547
10,0.01,1.0,245090,True,0.9997859799952624,0.9855815115895794,True,-0.888 + 3.783*log(0.998*r + 1)/r,0.9999999883218332,-1.768 + 3.783*log(0.998*r + 1)/r,[add add E_t sub sub div mul log add div r R c R div r A A A A],1.2332100868225098
11,0.01,1.0,243278,True,0.9997848197489788,0.985543045880311,False,-1.403 + 3.118*exp(-0.162*r*(0.162*r + 1.381)/(0.162*r + 0.381)),0.9999998103175828,-1.115 + 3.116*exp(-0.162*r*(0.162*r + 1.382)/(0.162*r + 0.382)),[sub E_t div div A exp div add add div r add div r R c r R R c],98.99680304527284
12,0.01,1.0,240455,True,0.9997839613466994,0.9855146558491924,True,(-1.516*r + 3.79*log(-0.996*r - 1))/r,0.9999999687324784,-1.769 + 3.79*log(-0.996*r - 1)/r,[add E_t add add mul sub add mul div log add add exp c div r R c r R c c A A E_t],22.503015995025635
13,0.01,1.0,243858,True,0.999774642082084,0.985210099040298,True,-1.579 + 3.82*log(0.988*r + 1)/r,0.9999998172938448,-1.772 + 3.804446*log(0.993*r + 1)/r,[add A add neg add add div add mul log add div r R exp c R r div r A E_t E_t E_t],1.339590072631836
14,0.01,1.0,241724,True,0.9997873330940488,0.9856265066992757,False,1.52 - 52.385/(log(27.615/r) + 14.393 + 27.615/r),0.999999425224773,2.008 - 52.386/(log(27.614/r) + 14.396 + 27.614/r),[add sub add div A add add div R r add c log div R r c A A E_t],100.72234106063844
15,0.01,1.0,244665,True,0.9997857590803424,0.985574179332144,False,1.837 - 6.779/(1 + (r + 0.28*r*exp(-0.271*r) + 3.683)/r),0.9999996087468302,2.003 - 6.785/(1 + (r + 0.283*r*exp(-0.272*r) + 3.679)/r),[add div A add div add r add div r exp add div r R inv c R r 1.0 E_t],52.322102069854736
16,0.01,1.0,242366,True,0.9997773535472024,0.9852980309199794,True,-1.629 + 3.801*log(-0.993*r - 1)/r,0.9999998757391192,-1.771 + 3.801*log(-0.993*r - 1.568 + 0.209*E)/r,[add add div log add add div r R exp add div r r c c div r mul R A E_t E_t],22.218146085739136
17,0.01,1.0,240680,True,0.9997711112053156,0.9850964063519136,False,-2.725 + 7.706/log(2.307*r + 4.403),0.999999631207126,-3.198 + 7.706/log(2.3*r + 4.403),[add E_t add div A log add div add r div R add exp c c R c E_t],82.16296529769897
18,0.01,1.0,244088,True,0.9997727137128962,0.985147893656096,False,(-0.828*r**2 - 2.361*r + 3.497)/(0.344*r**2 + 2.484*r + 2.903),0.9999997721622684,-1.6 + 3.603/(r*(0.345*r + 1.489)/(r + 2.902) + 1),[sub add add E_t div A add div r div add R r add c div r R 1.0 E_t A],54.3602089881897
19,0.01,1.0,244194,True,0.9997789074595348,0.9853486723469906,False,-0.921 + 3.103*exp(-0.165*r*(0.165*r + 1.39)/(0.165*r + 0.39)),0.9999997906945332,-1.101 + 3.099*exp(-0.165*r*(0.165*r + 1.391)/(0.165*r + 0.391)),[add add div A exp div add div add r div r add add div r R c c R c 1.0 E_t E_t],101.33612895011902
20,0.01,1.0,244671,True,0.9997803744816456,0.9853966504262278,False,4.066/(0.842*r + 1)**0.55 - 1.875,0.999999750906588,4.065*(1/(0.84*r + 1))**0.55 - 2.055,[add mul exp mul log inv add inv div r r div r R c A E_t],35.32663607597351
21,0.01,1.0,243709,True,0.9997818192843346,0.9854440632938612,True,(-1.416*r + 3.781*log(0.705*r + 0.706) + 1.318)/r,0.9999999527593072,-1.768 + 1.867*(2.025*log(0.705*r + 0.706) + 0.706)/r,[add E_t sub mul add mul log add div r R c exp c c mul R inv div r A A],1.705543041229248
0,0.1,1e-06,240607,True,0.5294752116793982,0.5931380706643242,False,0.441*(1 - 0.969*r**0.5)**0.433 + 0.276,0.9984555127488628,9.471 - 8.676*(0.025 - r**0.5)**0.167,[mul 1.0 add mul exp mul log add neg sqrt mul r div c R c c E_t A],27.821045875549316
1,0.1,1e-06,241287,True,0.9740262254740945,0.861204929965615,False,-0.261 + 5.685*log(1.174*exp(1.376/r) + 1)/r - 7.822/r**2,0.9992020450379138,-0.947 - 4.514*log(1/(1.192 + exp(-1.204/r)))/r,[add add div mul log inv add exp inv div r R c R div r A A E_t],140.1952018737793
2,0.1,1e-06,244415,True,0.9753115915887745,0.8642105281002348,False,(1.324*r - 3.021)/(0.696*r + 1.858),0.9999749178109598,-3.077 + 2.869/(0.878 + 1.713/r),[add mul A exp sub log sub neg inv neg add inv div r R c c c E_t],34.03592920303345
3,0.1,1e-06,242184,True,0.980878520339145,0.8785181280567322,False,0.522*r*log(0.188*exp(4.419/r) + 0.599) - 0.227,0.999839396416069,0.498*r*log(0.159*exp(3.898/r) + 0.544) - 0.199,[add mul mul mul log add exp add inv div r R inv neg c c r A div c R E_t],122.38194179534912
10,0.1,1e-06,241235,True,0.9664416241404096,0.8451731859798766,False,-0.539*log(0.038*r*exp(7.225/r) + 1) + 3.892/r,0.0324500510972241,0.041*log(1000*r + 1),[mul log div sub div R exp div div inv div r R r div c r r R E_t],14.425187826156616
11,0.1,1e-06,241071,True,0.9677536065739556,0.8477645407665247,False,0.352 - 0.247*log(0.155*exp((1.571*r**2 + 0.637)/r) - 1),0.9848170006913778,1.436 - 0.018*log(0.048*exp(33.293*r + 0.03/r) - 1),[add neg add E_t div log div sub exp add div R r inv div R r c c inv A A],127.92604303359984
12,0.1,1e-06,242001,True,0.981559266677013,0.8804392843718222,False,0.421 - 0.413*log(exp((0.41*r**2 - 2.442)/r) + 0.055),0.99939017972783,0.396 - 0.431*log(exp(0.528*r - 1.893/r) + 0.096),[add mul log add exp sub div r R inv mul r inv R c A E_t],31.882023096084595
13,0.1,1e-06,242030,True,0.9804025234339736,0.8771999173788373,False,-1.844*r**0.453/(0.079*r**2 + 1)**0.226 + 2.854,0.9999495210054824,2.627 - 4.696*(1/(4.666 + 88.852/r**2))**0.214,[sub add A mul exp div log inv add div div div r r r div r div R inv R c c E_t E_t],141.66181302070618
14,0.1,1e-06,242089,True,0.5581736595293458,0.6007087684394785,False,0.551 - 0.106*exp(1/log(r/(1.078*r**2 - 0.927))),-8.784474397404433e+51,26.71 - 30.938*exp(1/log(r/(286.956*r**2 - 0.003))),[add E_t div exp inv log inv sub div r R div R r inv A],66.89233303070068
15,0.1,1e-06,242555,True,0.9830898401914748,0.8849251554822677,False,0.546*log(exp(0.267/r) - 1.042) + 1.404,0.9991630122259988,4.118*log(-2.234 + exp(-1.235/r)) - 1.873,[add add sub A mul E_t div R div R add log sub exp mul R div R div r inv R c c A E_t],79.00328207015991
16,0.1,1e-06,240897,True,0.9827383698473736,0.8838735756243059,False,1.10640251414755 - 0.6*log(r),0.99830191410277,0.656*log(1/r) + 0.890906748801322,[add sub sub sub A mul add log add div sub R r r c c A E_t E_t E_t],2.730597972869873
17,0.1,1e-06,240842,True,0.9630689607340592,0.8388033783811316,False,(2.053*exp(r/(6.295*r - 12.087)) - 2.628)/(2.718*exp(r/(6.295*r - 12.087)) - 2.98),0.0,2 - 1/(2.718*exp(1/(3 + 1/r)) - 1),[add add div A add neg exp add inv add add add inv c c div R r c 1.0 c A A],124.65356397628784
18,0.1,1e-06,242376,True,0.9642256904098684,0.8409431837192476,False,-1.173 + 0.389/r + 1.596*exp(-0.639/r)/r,0.9994398008283836,-1 + 3.105*(0.246 + exp(-1.043/r))/r,[sub add sub E_t A mul mul add add exp div R r c c R inv neg div r E_t A],67.77512383460999
19,0.1,1e-06,243650,True,0.98346719042278,0.8860692405576384,False,-0.54 + 0.53/(r*(0.258 + exp(-2.595*r))),0.9951925920323272,-0.256 - 0.097/(r*(exp(14.646*r) - 0.1)),[add A mul sub div div R add inv exp inv div R r c r c E_t],88.57217693328857
20,0.1,1e-06,240899,True,0.983485235769636,0.8861243521290427,False,-6.173*r*(3.068*r - log(0.955*exp(3.068*r) + 1)) + 1.016,0.9983569024170876,4.856*r*log(0.934 + exp(-3.126*r)) + 0.961,[add mul mul log add inv exp div r add R div R c c r inv div R A E_t],53.34227514266968
21,0.1,1e-06,241344,True,0.978065852997534,0.8710028925227243,False,0.539*log(-0.275 + 3.895/(r + 3.895*exp(-3.895/r))) + 0.552,0.9779849534353876,0.577*log(-0.227 + 4.372/(r + 4.372*exp(-4.372/r))) + 0.064,[add mul A log add div R add div R exp div R r r c E_t],639.9927470684052
0,0.1,0.25,240121,True,0.9750489010365044,0.8635883086947931,False,(5.164 - 3.175*r)/(2.07*r + 3.367),0.9999724203299244,(6.93343156 - 2.35887182*r)/(1.811555*r + 3.53331),[add div E_t sub div r add div div r A inv div R div R E_t R c A],33.173583984375
1,0.1,0.25,243746,True,0.9797168792561106,0.875335718476471,False,(0.753*r + 0.239*exp(0.693*r) + 19.068)/(3.79*r + 1.201*exp(0.693*r) + 5.468),0.9999896791540064,-0.715 + 18.004/(3.711*r + 1.204*exp(0.688*r) + 5.394),[add add div A add add exp div div add R r R c div r R c E_t E_t],77.00607061386108
2,0.1,0.25,245684,True,0.9783462034563108,0.8717238403709606,False,1.793 + 3.308/(log(0.007 - exp(-2.351/r)) - 0.993),0.9995408645334858,1.935 + 3.262/(log(0.002 - exp(-2.002/r)) - 0.998),[sub E_t div A neg sub sub log sub neg exp div R r c c 1.0],522.1890680789948
3,0.1,0.25,242697,True,0.9797280759995846,0.87536584288571,False,1.971 + 0.437/log(0.867 - 0.301/r),0.9999638543043886,1.786 + 0.278/log(0.915 - 0.173/r),[add add mul inv log add neg div div R exp div R R r c A A E_t],118.2073700428009
10,0.1,0.25,241039,True,0.9793583200475382,0.8743764727406564,False,(0.865 - 0.08*r)/(0.136*r + 0.315),0.9999591612379936,(0.5693204 - 0.19322875*r)/(0.155625*r + 0.28612),[sub E_t div E_t add div add E_t div add R r add div R A div r E_t A c],27.554816007614136
11,0.1,0.25,240494,True,0.9805053710095996,0.8774830384663276,False,4.381/(0.868*r + 1)**0.5 - 2.635,0.9999981632039722,7.78*(1/(3*r + 3.352))**0.5 - 2.235,[sub add sqrt div A div add r add add R r r div R add inv A inv E_t A E_t],27.51848602294922
12,0.1,0.25,241151,True,0.9789165814361872,0.8732089256853364,False,(-2.312*r*log(r) - 7.767*r + 44.346)/(-r*log(r) + 14.085*r + 19.183),0.9999877157805928,2.044 - 40.227/(11.069 + (r*log(19.645/r) + 19.645)/r),[neg add div A add div add mul log div R r r R r c E_t],102.27922511100768
13,0.1,0.25,241435,True,0.9801133108520635,0.8764086944323244,False,-1.616*r**0.471/(0.053*r**2 + 1)**0.235 + 2.644,0.999940572840468,2.849 - 3.675*(r/(r + 24.595/r))**0.188,[add sub mul add exp div log div r add r div R div r R c 1.0 A A E_t],23.604886054992676
14,0.1,0.25,242786,True,0.9774623763292632,0.8694704376647718,False,-0.611*(r + 1.835)/(1.355*(0.297*r + 1/r)**0.5 - 0.053) + 1.531,0.9999560013978158,-0.839*(r + 1.47)/(1.212*(0.463*r + 1/r)**0.5 + 0.141) + 2.142,[add E_t div div div add r R add sqrt add div r R div R r c R inv A],85.54235792160034
15,0.1,0.25,242111,True,0.97891565893746,0.8732065035654136,False,(-0.144*r**2 - 1.745*r + 4.989)/(0.117*r**2 + 1.424*r + 2.919),0.9998291354071503,-1.32 + 56.761/(0.105*r**2 + 8.422*r + 17.541),[sub div add A div R add add div r A div r div R div r E_t div R A c E_t],51.01124596595764
16,0.1,0.25,244111,True,0.9809108470292404,0.878608389077347,False,-0.592 + 2.999/(r/(r + 2.362) + exp(0.423*r) + 0.069),0.9999838490684296,-0.965 + 2.602/(r/(r + 3.375) + exp(0.296*r) - 0.139),[add E_t div A add add div r add r R exp div r R add 1.0 c],64.87906122207642
17,0.1,0.25,241476,True,0.9782220071312986,0.8714037381614037,False,2.386 - 2.707/log(exp(2.235/r) + 1.195 + 2.235/r),0.9999877712276538,1.917 - 2.41/log(exp(1.901/r) + 0.943 + 1.901/r),[add add E_t E_t div A log add add add div R r exp div R r c c],237.24833726882937
18,0.1,0.25,242669,True,0.975369314422349,0.8643478163175141,False,(1.09*r - (1.09*r - 1.045)*(exp(2.436/r) + 0.088))/(exp(2.436/r) + 0.088),0.9999557741949178,-1.055*r + 1.055*r/(exp(2.424/r) + 0.144) + 1.816,[add E_t add A add div sub r div r add exp div R r c div R A E_t],69.08020615577698
19,0.1,0.25,243882,True,0.980757164510916,0.8781801279854359,False,-1.261 + 2.21/(0.296*r + 0.655 + 0.655/(exp(2.21/r) + 30.673)),0.9999902282262018,-1.436 + 2.209/(0.296*r + 0.654 + 0.654/(exp(2.209/r) + 30.676)),[sub E_t div R div add add R div R add exp div R r c r A],2964.152893781662
20,0.1,0.25,243404,True,0.978809823127894,0.8729290600620548,False,-0.616 + 2.47/(r/(r + 2.85) + exp(0.351*r) - 0.168),0.9999812711378304,-0.897 + 2.713/(r/(r + 3.028) + exp(0.33*r) - 0.086),[add E_t div A add div r add r R add exp div r R c],72.94934010505676
21,0.1,0.25,243072,True,0.9780483387183314,0.870958045660603,False,-1.669*r*exp(-2.567*r/(r + 5.329)) + 2.326,0.9999777780146146,-1.667*r*exp(-2.57*r/(r + 5.348)) + 1.965,[add E_t div div exp div mul inv add r R neg r inv c R neg inv mul r A],64.52919602394104
0,0.1,0.5,243053,True,0.9779153938164432,0.8706183601741686,False,-0.847*log(2.938*r + 1.165*exp(0.34/r)) + 1.365 + 0.288/r,0.999946195163018,2.019 - 0.882*log(3.238*r*exp(-0.309/r) + 1.391),[add E_t mul log add add div div r exp inv div r R R c c A],119.5151641368866
1,0.1,0.5,241432,True,0.979596583780447,0.8750127215239261,False,(0.062*r + 0.018*exp(0.706*r) + 1.505)/(0.306*r + 0.09*exp(0.706*r) + 0.433),0.9999941512705222,-0.654 + 1.415/(0.295*r + 0.112*exp(0.707*r) + 0.418),[add div R add add div R div A mul exp div r R c div r A div R A E_t],23.08826804161072
2,0.1,0.5,245248,True,0.9785583225925568,0.872273231705704,False,-1.522 + 10.175*I + 0.0557889943810082/(0.007*r + 0.017),0.9999349442907628,3.239*log(-exp((0.013 + 0.013/(0.005 + 0.013/r))/r)) - 1.474,[sub sub add mul log neg exp div add R div R add c div R r r A A E_t E_t],55.649219036102295
3,0.1,0.5,241618,True,0.9780744446255132,0.8710249003817548,False,2.345 - 57.286/(-0.426*r + 19.355 + 31.128/r),0.9999535734934816,2.029 - 57.293/(-0.493*r + 19.537 + 29.538/r),[add E_t div R add add div div R r div div A R exp c div R A div r E_t],48.24930191040039
10,0.1,0.5,242997,True,0.9792066640556044,0.8739738869256711,False,7.156 - 4.402*exp(0.079*r/(0.14*r + 0.248)),0.999959233522758,7.221 - 5.231*exp(0.067*r/(0.138*r + 0.2)),[sub A mul exp add div div r R div E_t div R sub div r A neg div R E_t c E_t],12.867540121078491
11,0.1,0.5,241436,True,0.9789150810766178,0.8732049863632714,False,-6.972 + 41.819/(log(8.563*r + 6.63 + 0.117/r) + 2.815),0.9999816172275224,-6.505 + 41.444/(log(9.013*r + 6.742 + 0.111/r) + 2.871),[sub add div E_t add log add add add add div R R div r R c div R r c c A E_t],218.17434692382812
12,0.1,0.5,240775,True,0.9777565270116432,0.8702141256947004,False,-1.691*log(r) + 1.691*log(0.352*r*exp(1/(1.519*r + 0.352)) + 1.869) + 0.483 - 1.691/(1.519*r + 0.352),0.999995434950809,1.701*log(0.363 + 1.777*exp(-1/(1.551*r + 0.363))/r) + 0.26,[sub E_t mul sub log add div div div R exp inv add div r R c r c c c A],381.3252890110016
13,0.1,0.5,240615,True,0.9775663150284226,0.8697325185428875,False,-0.681*log(r) + 0.681*log(r*exp(1/(0.077*r + 0.193)) + 13.025) - 1.669,0.9999937878034598,0.615*log(exp(1/(0.077*r + 0.174)) + 13.024/r) - 1.736,[add add E_t add E_t add add mul log add exp inv add div r R c div R r A E_t E_t E_t],13.42958116531372
14,0.1,0.5,245039,True,0.9779564429617392,0.8707231065809331,False,-1.734 + 3.197*exp(-2.311*r/(r + 4.515)),0.9999428677733948,-1.632 + 3.576*exp(-1.955*r/(r + 4.384)),[add add mul exp add div A div add div R R inv div r R add inv A inv E_t c E_t A E_t],59.85598278045654
15,0.1,0.5,244868,True,0.9786275519511428,0.8724532748693345,False,(0.01 - 0.004*r)/(0.003*r + 0.006),0.9998325222121318,1.929 - 0.012/(0.004 + 0.008/r),[add add add div A div add exp add add log div R r c c c c A E_t E_t],12.159311771392822
16,0.1,0.5,241908,True,0.9798674206146328,0.8757416167200238,False,-0.939*log(exp(r/(0.101*r**2 + 9.943)) - 0.964) - 0.847,0.9999553153602888,-0.915*log(exp(r/(0.082*r**2 + 12.194)) - 0.974) - 1.167,[add E_t mul log add exp div r add R div r div R r c A],136.469801902771
17,0.1,0.5,244326,True,0.9780276319580112,0.8709050531945526,False,-0.269 - 0.713/log(0.772 - 0.134*r),0.999947834282799,-0.952 - 0.585/log(0.818 - 0.095*r),[add add add div A div log add add mul div r R c div R R c c A A E_t],49.379820585250854
18,0.1,0.5,240260,True,0.9761643935997028,0.8662599880330519,False,-2.066 - 2.451*exp(-15.781/r) + 0.386/(0.063*r + 0.119),0.9999892510082716,-1.242 - 1.62*exp(-15.782/r) + 0.378/(0.063*r + 0.117),[add A add div E_t exp div R r add div A add div r R c E_t],59.2756130695343
19,0.1,0.5,245643,True,0.9800094672065888,0.876126351923859,False,1.832/(exp(0.508*r) - 0.622)**0.5 - 0.77,0.9999967390495864,1.819/(exp(0.507*r) - 0.626)**0.5 - 0.937,[add add add E_t div A neg sqrt add exp div r R c E_t A],44.2779860496521
20,0.1,0.5,242206,True,0.9797917145840288,0.8755372577581918,False,-1.241 + 3.433/(r/(r/(exp(0.544*r) + 9.025) + 1.84) + 1),0.9999935959742668,-1.449 + 3.414/(r/(r/(exp(0.496*r) + 16.615) + 2.017) + 1),[sub add add div A add div r add R div r add exp div r R c 1.0 E_t E_t E_t],69.2827091217041
21,0.1,0.5,241881,True,0.9770810513231216,0.8685154052490706,False,177.257 - 174.913*exp(0.01*r*(r + 99.454)/(57.14*r + 99.454)),0.9999903366851268,177.161 - 175.173*exp(0.01*(r + 99.454)/(57.14 + 99.454/r)),[add sub mul E_t exp mul add R div add R r add div R r c inv R A E_t],12.903695106506348
0,0.1,1.0,244619,True,0.9782172591700776,0.8713915236155919,False,(-0.103*r - (0.103*r - 1.512)*(exp(0.038*r) - 0.94))/(exp(0.038*r) - 0.94),0.9999769030569106,-0.103*r - 0.103*r/(exp(0.038*r) - 0.94) + 2,[add E_t add sub sub add mul add r div r add exp div r R c inv div R A A A E_t E_t],3.6217541694641113
1,0.1,1.0,242038,True,0.9791017242485638,0.8736963886667368,False,-0.659 + 7.364/(r*log(2.718*exp(2.089/r) - 0.515)),0.9999989789286704,-1.551 + 7.34/(r*log(2.718*exp(2.078/r) - 0.486)),[add add E_t add E_t div div R log add exp add div R r 1.0 c div r A E_t],163.7795798778534
2,0.1,1.0,244444,True,0.9790113170204268,0.8734580186804495,False,1.699 - 0.208*log(0.018 + 0.111/r)**2,0.9999962282590334,1.763 - 0.193*log(0.0149999999999999 + 0.099/r)**2,[sub E_t add mul n2 log add add add div neg r r div R r c 1.0 A A],49.28746485710144
3,0.1,1.0,244114,True,0.9781714413694852,0.871273739224376,False,2.393 - 35.987/(log(17.271/r) + 9.916 + 17.271/r),0.9999819148056684,2.046 - 36.003/(log(17.402/r) + 9.858 + 17.402/r),[add add add add add E_t div A add div R r add log div R r c E_t E_t E_t E_t],106.16267609596252
10,0.1,1.0,242976,True,0.9790215912274944,0.8734850754789686,False,23.28 - 15.478/log(1.914 + 6.352/(16.558*r + 29.632)),0.9999625646807402,19.427 - 13.491/log(1.918 + 6.447/(17.193*r + 25.874)),[sub E_t add div E_t mul log add div A add div r div R A E_t c c A],55.86208486557007
11,0.1,1.0,243904,True,0.979140589391498,0.8737990600039085,False,-1.816 + 52.389/(5.925*r + log(5.925*r) + 14.121 + 0.169/r),0.9999962994816878,-1.517 + 52.362/(5.947*r + log(5.947*r) + 14.214 + 0.168/r),[add E_t div A add add add div r R log div r R div R r c],197.2108149528503
12,0.1,1.0,245039,True,0.9787046591184884,0.8726542370053529,False,(-1.539*r + 3.902*log(0.548*r + 0.568) + 2.216)/r,0.9999986313641644,-1.787 + 3.88*(log(0.551*r + 0.568) + 0.568)/r,[sub sub add add E_t E_t mul mul add log add div r R c c R inv div r A A A],66.22097110748291
13,0.1,1.0,244441,True,0.977710855690938,0.8700982522428997,False,-0.805*log((0.462*r + 0.112)*exp(4.333/r) + 1) + 0.616 + 3.488/r,0.999985590991288,0.413 - 0.789*log(0.467*r + 0.092 + exp(-4.286/r)),[add E_t add mul log add add add inv exp div R r div r R div r R c A E_t],1389.206661939621
14,0.1,1.0,241690,True,0.979403324446847,0.8744962972902978,False,(0.034 - 0.02*r)/(0.013*r + 0.023),0.999968420874405,-0.006*r*(5.955 + 5.955/(0.013*r + 0.022)) + 1.997,[add add neg div div add A div A add div add r add R r R c R inv r E_t E_t],12.874216794967651
15,0.1,1.0,241901,True,0.9790337160906362,0.873517016603515,False,-1.531 + 70.273/log(1697348730.51*exp(10.306*r) + 21.252),0.9999559614669924,-1.378 + 70.271/log(1635493116.822*exp(10.215*r) + 21.215),[sub add add E_t add div A log add exp add div r R c c A A A],85.77174520492554
16,0.1,1.0,242991,True,0.9781476297802874,0.8712125878484333,False,-1.148 + 4.731/(exp(0.766*r/(r + 0.702)**0.5) + 0.412),0.9999916030078108,-1.276 + 4.768/(exp(0.78*r/(r + 0.695)**0.5) + 0.423),[sub add div A add exp div div r R sqrt add c div r R c A E_t],67.64063596725464
17,0.1,1.0,240446,True,0.9777987266412508,0.8703213243228244,False,-0.663 + 1.741/((0.003*r + 0.004)*(exp(0.574*r) + 122.545)),0.9999702707902428,-1.15 + 1.784/((0.003*r + 0.005)*(exp(0.561*r) + 122.546)),[add add E_t A div div R div add r R E_t add exp div r R c],70.45993208885193
18,0.1,1.0,242096,True,0.978009750268268,0.8708593158857952,False,0.987 - 0.28/log(1.092*r/(r - 0.192)),0.9999785091464984,1.795 - 0.283/log(1.095*r/(r - 0.189)),[neg sub div A log mul r div exp add inv 1.0 c add R r E_t],54.59272480010986
19,0.1,1.0,244244,True,0.9785457381105548,0.872240542747928,False,2.169 - 41.25/(11.7 + (r*exp(-0.042*r) + 23.559)/r),0.9999642627399056,1.972 - 41.09/(11.763 + (r*exp(-0.042*r) + 23.997)/r),[sub sub E_t div E_t add div add div r exp div r R R r c A],34.013521909713745
20,0.1,1.0,242014,True,0.9785482161584224,0.8722469786761372,False,-1.946 + 4.686/(log(0.266*r + exp(0.266*r)) + 1.128),0.9999885878354948,-2.176 + 4.631/(log(0.247*r + exp(0.247*r)) + 1.106),[sub add add div A add log add div r R exp inv div R r c A E_t A],64.43260598182678
21,0.1,1.0,245279,True,0.9786993405176644,0.8726403606476694,False,-1.814*r/(0.667*r + 1)**0.902 + 2.356,0.999999493642446,-1.829*r/(0.674*r + 1)**0.903 + 2,[add E_t mul mul exp mul log div add r R R c r inv div R A],33.262665033340454
