i_eq,i_trial,noise,n_reals,# EVALUATIONS,STARTED,FINISHED,last_pareto_expression,symbolic_error,symbolic_fraction,symbolic_error_is_zero,symbolic_error_is_constant,symbolic_fraction_is_constant,sympy_exception,symbolic_solution,equivalent_expr,i_pareto,test_r2,accuracy_solution,test_r2_refit,accuracy_solution_refit,RUN COMMAND,RUN NAME,result_analysis_time
0,0,0.0,1,198251,True,True,-0.93*sin(1.13*t - 0.5),0,1,True,True,True,,True,-0.93*sin(1.13*t - 0.5),12,0.9999999999999996,True,0.9999999999999994,True,python classbench_run.py -i 0 -t 0 -n 0.000000 -r 1,CR_0_0_1_0.000000,2.165008783340454
0,0,0.0,10,198783,True,True,-0.93*sin(1.16*t - 0.7),-0.07*cos(1.13*t + pi/3),0.94,False,False,True,,True,cos(1.13*t + 1.06),6,0.9859372028120816,False,0.997367731962592,False,python classbench_run.py -i 0 -t 0 -n 0.000000 -r 10,CR_0_0_10_0.000000,1.7655699253082275
0,0,0.001,1,198112,True,True,0.93*sin(1.13*t + 2.64),0,1,True,True,True,,True,0.93*sin(1.13*t + 2.64),13,0.9999999832652255,True,0.99999999999729,True,python classbench_run.py -i 0 -t 0 -n 0.001000 -r 1,CR_0_0_1_0.001000,4.455453157424927
0,0,0.001,10,199024,True,True,0.89*cos(1.11*t + 1.18),-0.06*cos(1.13*t + pi/3),0.94,False,False,True,,True,sin(1.13*t - 3.65),7,0.9931177369912964,False,0.999962248520877,True,python classbench_run.py -i 0 -t 0 -n 0.001000 -r 10,CR_0_0_10_0.001000,1.495908260345459
0,0,0.01,1,198031,True,True,0.93*sin(1.13*t + 2.64),0,1,True,True,True,,True,0.93*sin(1.13*t + 2.64),8,0.9999963124429164,True,0.998045736094516,False,python classbench_run.py -i 0 -t 0 -n 0.010000 -r 1,CR_0_0_1_0.010000,1.909830093383789
0,0,0.01,10,198845,True,True,-0.93*sin(1.13*t - 0.51),0,1,True,True,True,,True,-0.93*sin(1.13*t - 0.51),8,0.9893769882398128,False,0.999999999998413,True,python classbench_run.py -i 0 -t 0 -n 0.010000 -r 10,CR_0_0_10_0.010000,2.560321092605591
0,0,0.1,1,199511,True,True,-0.93*sin(1.13*t + 5.79),0,1,True,True,True,,True,-0.93*sin(1.13*t + 5.79),10,0.9996762009722792,True,0.9999999704818348,True,python classbench_run.py -i 0 -t 0 -n 0.100000 -r 1,CR_0_0_1_0.100000,2.140951156616211
0,0,0.1,10,198911,True,True,0.96*cos(1.14*t + 1.04),-0.06*cos(1.13*t + pi/3),0.94,False,False,True,,True,sin(1.13*t - 3.64),5,0.9560594085208606,False,0.9991730309082656,True,python classbench_run.py -i 0 -t 0 -n 0.100000 -r 10,CR_0_0_10_0.100000,1.437858819961548
0,1,0.0,1,198887,True,True,0.85*cos(1.14*t + 0.95),0,1,True,True,True,,True,0.85*cos(1.14*t + 0.95),13,0.9999999999999984,True,0.9999999999978928,True,python classbench_run.py -i 0 -t 1 -n 0.000000 -r 1,CR_0_1_1_0.000000,4.8194050788879395
0,1,0.0,10,199063,True,True,0.84*cos(1.12*t + 1.06),-0.07*cos(1.14*t + 0.3*pi),0.94,False,False,True,,True,0.92*sin(1.14*t + 2.51),5,0.9990258103024277,True,0.9999999999971448,True,python classbench_run.py -i 0 -t 1 -n 0.000000 -r 10,CR_0_1_10_0.000000,1.6269643306732178
0,1,0.001,1,198658,True,True,-0.85*sin(1.14*t - 0.62),0,1,True,True,True,,True,-0.85*sin(1.14*t - 0.62),11,0.999999997626948,True,0.9999999999990906,True,python classbench_run.py -i 0 -t 1 -n 0.001000 -r 1,CR_0_1_1_0.001000,1.3871121406555176
0,1,0.001,10,199072,True,True,0.83*cos(1.12*t + 1.03),-0.15*cos(1.14*t + 0.3*pi),0.85,False,False,True,,True,-cos(1.14*t + 4.07),5,0.999024781652748,True,0.9999356513868792,True,python classbench_run.py -i 0 -t 1 -n 0.001000 -r 10,CR_0_1_10_0.001000,1.9356541633605957
0,1,0.01,1,198550,True,True,-0.85*cos(1.14*t - 2.19),0,1,True,True,True,,True,-0.85*cos(1.14*t - 2.19),9,0.9999947185219944,True,0.970348687245016,False,python classbench_run.py -i 0 -t 1 -n 0.010000 -r 1,CR_0_1_1_0.010000,2.2066650390625
0,1,0.01,10,199078,True,True,-0.86*sin(1.12*t - 0.54),-0.15*cos(1.14*t + 0.3*pi),0.85,False,False,True,,True,cos(1.14*t + 0.93),3,0.9990081128420936,True,0.9999160538236878,True,python classbench_run.py -i 0 -t 1 -n 0.010000 -r 10,CR_0_1_10_0.010000,1.0592129230499268
0,1,0.1,1,198376,True,True,0.85*sin(1.14*t + 2.53) + 0.01,0,1,True,True,True,,True,0.85*sin(1.14*t + 2.53) + 0.01,9,0.9995678055226822,True,0.9999942820229488,True,python classbench_run.py -i 0 -t 1 -n 0.100000 -r 1,CR_0_1_1_0.100000,2.348500967025757
0,1,0.1,10,199033,True,True,0.84*cos(1.13*t + 1.02),-0.05*cos(1.14*t + 0.3*pi),0.94,False,False,True,,True,-0.92*cos(1.14*t - 2.2),7,0.9985176790958028,False,0.9999999999993956,True,python classbench_run.py -i 0 -t 1 -n 0.100000 -r 10,CR_0_1_10_0.100000,1.6535310745239258
0,2,0.0,1,199712,True,True,0.86*cos(0.23*t + 1.06),0,1,True,True,True,,True,0.86*cos(0.23*t + 1.06),14,0.9999999999999925,True,0.9999999999932606,True,python classbench_run.py -i 0 -t 2 -n 0.000000 -r 1,CR_0_2_1_0.000000,1.9102070331573489
0,2,0.0,10,199108,True,True,0.84*cos(0.27*t + 0.92),0,1,True,True,True,,True,1.05*cos(1.24*t + 1.06),7,0.9977769688360334,False,0.9999999999988132,True,python classbench_run.py -i 0 -t 2 -n 0.000000 -r 10,CR_0_2_10_0.000000,1.8590600490570068
0,2,0.001,1,199746,True,True,-0.86*sin(0.23*t - 0.51),0,1,True,True,True,,True,-0.86*sin(0.23*t - 0.51),11,0.9999999794535328,True,0.9999999999996798,True,python classbench_run.py -i 0 -t 2 -n 0.001000 -r 1,CR_0_2_1_0.001000,2.2131052017211914
0,2,0.001,10,198973,True,True,0.85*cos(0.24*t + 1.04),0,1,True,True,True,,True,1.05*cos(1.24*t + 1.04),8,0.9994183352492244,True,0.9999999999985758,True,python classbench_run.py -i 0 -t 2 -n 0.001000 -r 10,CR_0_2_10_0.001000,4.0845489501953125
0,2,0.01,1,198029,True,True,-0.86*sin(0.23*t - 0.51),0,1,True,True,True,,True,-0.86*sin(0.23*t - 0.51),11,0.9999979557317034,True,0.999999999998318,True,python classbench_run.py -i 0 -t 2 -n 0.010000 -r 1,CR_0_2_1_0.010000,1.402371883392334
0,2,0.01,10,198902,True,True,0.85*cos(0.24*t + 1.04),0,1,True,True,True,,True,1.05*cos(1.24*t + 1.04),7,0.999419221130188,True,0.9999999999970288,True,python classbench_run.py -i 0 -t 2 -n 0.010000 -r 10,CR_0_2_10_0.010000,2.118458032608032
0,2,0.1,1,199697,True,True,0.55 - 1.01*(0.97*cos(0.34*t) - 1.0)**0.5,-0.02*cos(0.23*t + pi/3),0.98,False,False,True,,True,0.88*sin(0.23*t + 2.64),10,0.9994594482617934,True,0.999991723270623,True,python classbench_run.py -i 0 -t 2 -n 0.100000 -r 1,CR_0_2_1_0.100000,1.563849925994873
0,2,0.1,10,198960,True,True,0.83*cos(0.26*t + 0.97),0,1,True,True,True,,True,1.06*cos(1.24*t + 1.05),9,0.9985438587906222,False,0.9999999999960016,True,python classbench_run.py -i 0 -t 2 -n 0.100000 -r 10,CR_0_2_10_0.100000,3.3879387378692627
0,3,0.0,1,198183,True,True,0.93*cos(1.12*t + 1),0,1,True,True,True,,True,0.93*cos(1.12*t + 1),12,0.9999999999999992,True,0.9999999999926787,True,python classbench_run.py -i 0 -t 3 -n 0.000000 -r 1,CR_0_3_1_0.000000,2.7595629692077637
0,3,0.0,10,199185,True,True,-0.93*sin(1.12*t - 0.55),0,0.98,True,True,True,,True,0.95*cos(1.12*t + 1),5,0.9953566869405776,False,0.9999999999992776,True,python classbench_run.py -i 0 -t 3 -n 0.000000 -r 10,CR_0_3_10_0.000000,1.676113843917847
0,3,0.001,1,198240,True,True,0.93*cos(1.12*t + 1),0,1,True,True,True,,True,0.93*cos(1.12*t + 1),12,0.9999994154529646,True,0.9418879122790456,False,python classbench_run.py -i 0 -t 3 -n 0.001000 -r 1,CR_0_3_1_0.001000,2.2254538536071777
0,3,0.001,10,199277,True,True,-0.93*sin(1.12*t - 0.57),0,0.98,True,True,True,,True,0.95*cos(1.12*t + 1),3,0.9977301977396176,False,0.9999999999994474,True,python classbench_run.py -i 0 -t 3 -n 0.001000 -r 10,CR_0_3_10_0.001000,1.348790168762207
0,3,0.01,1,198415,True,True,0.93*cos(1.12*t + 1),0,1,True,True,True,,True,0.93*cos(1.12*t + 1),14,0.999998133058522,True,0.9936968890480486,False,python classbench_run.py -i 0 -t 3 -n 0.010000 -r 1,CR_0_3_1_0.010000,2.0078439712524414
0,3,0.01,10,199195,True,True,0.95*cos(1.13*t + 0.95),0,0.98,True,True,True,,True,0.95*cos(1.12*t + 1),3,0.9944827815891736,False,0.9999999999992936,True,python classbench_run.py -i 0 -t 3 -n 0.010000 -r 10,CR_0_3_10_0.010000,2.2243359088897705
0,3,0.1,1,198748,True,True,0.93*cos(1.12*t + 1),0,1,True,True,True,,True,0.93*cos(1.12*t + 1),12,0.9998868190198816,True,0.9999781400705756,True,python classbench_run.py -i 0 -t 3 -n 0.100000 -r 1,CR_0_3_1_0.100000,2.07210111618042
0,3,0.1,10,199262,True,True,-0.94*cos(1.13*t + 4.06),-0.04*cos(pi*(3*t/10 + 3/10)),0.94,False,False,True,,True,-1.04*cos(0.94*t + 4.1),3,0.9836584094674996,False,0.9999999999962492,True,python classbench_run.py -i 0 -t 3 -n 0.100000 -r 10,CR_0_3_10_0.100000,2.1402761936187744
0,4,0.0,1,199580,True,True,1.18*cos(0.91*t + 1.14),0,1,True,True,True,,True,1.18*cos(0.91*t + 1.14),12,0.999999999999999,True,0.999999999998778,True,python classbench_run.py -i 0 -t 4 -n 0.000000 -r 1,CR_0_4_1_0.000000,2.367892026901245
0,4,0.0,10,198813,True,True,1.17*cos(0.9*t + 1.19),0.14*cos(pi*(t/5 + 3/10)),1.14,False,False,True,,True,0.95*cos(0.62*t + 0.95),7,0.9880543841946352,False,0.9999999999991782,True,python classbench_run.py -i 0 -t 4 -n 0.000000 -r 10,CR_0_4_10_0.000000,1.4393808841705322
0,4,0.001,1,198050,True,True,1.18*cos(0.91*t + 1.14),0,1,True,True,True,,True,1.18*cos(0.91*t + 1.14),10,0.9999999971829606,True,0.9999999999506376,True,python classbench_run.py -i 0 -t 4 -n 0.001000 -r 1,CR_0_4_1_0.001000,5.629434108734131
0,4,0.001,10,198750,True,True,1.16*cos(0.9*t + 1.21),0,1,True,True,True,,True,1.16*cos(1.19*t + 1.07),9,0.9937375751119666,False,0.9999999999731388,True,python classbench_run.py -i 0 -t 4 -n 0.001000 -r 10,CR_0_4_10_0.001000,1.827798843383789
0,4,0.01,1,198266,True,True,1.18*cos(0.91*t + 1.14),0,1,True,True,True,,True,1.18*cos(0.91*t + 1.14),10,0.9999997173085956,True,0.9999999999489296,True,python classbench_run.py -i 0 -t 4 -n 0.010000 -r 1,CR_0_4_1_0.010000,3.281134843826294
0,4,0.01,10,198854,True,True,cos(0.92*t + 1.16) + 0.05,0.08*cos(pi*(t/5 + 3/10)),1.08,False,False,True,,True,sin(0.62*t + 2.53),5,0.9524523878442296,False,0.9996397241491896,True,python classbench_run.py -i 0 -t 4 -n 0.010000 -r 10,CR_0_4_10_0.010000,1.3696489334106443
0,4,0.1,1,199350,True,True,1.18*sin(0.91*t + 2.7),0,1,True,True,True,,True,1.18*cos(0.91*t + 1.14),6,0.9999601769670976,True,0.9999999999994196,True,python classbench_run.py -i 0 -t 4 -n 0.100000 -r 1,CR_0_4_1_0.100000,2.005697011947632
0,4,0.1,10,198955,True,True,-1.16*sin(0.93*t - 0.55),0,1.02,True,True,True,,True,-0.64*sin(0.45*t - 0.6),7,0.9811366548124812,False,0.9999999999978482,True,python classbench_run.py -i 0 -t 4 -n 0.100000 -r 10,CR_0_4_10_0.100000,1.8966069221496584
1,0,0.0,1,198354,True,True,1.28*exp(-0.8*t),0,1,True,True,True,,True,1.28*exp(-0.8*t),8,0.9999999999999992,True,0.999999999993846,True,python classbench_run.py -i 1 -t 0 -n 0.000000 -r 1,CR_1_0_1_0.000000,1.180941104888916
1,0,0.0,10,199291,True,True,1.28*exp(-0.8*t),0,1,True,True,True,,True,1.28*exp(-0.8*t),6,0.99999999983378,True,0.9999999999998612,True,python classbench_run.py -i 1 -t 0 -n 0.000000 -r 10,CR_1_0_10_0.000000,1.2722392082214355
1,0,0.001,1,198203,True,True,1.28*exp(-0.8*t),0,1,True,True,True,,True,1.28*exp(-0.8*t),9,0.9999998970502912,True,0.9999999998600924,True,python classbench_run.py -i 1 -t 0 -n 0.001000 -r 1,CR_1_0_1_0.001000,2.320927858352661
1,0,0.001,10,199317,True,True,1.28*exp(-0.8*t),0,1,True,True,True,,True,1.28*exp(-0.8*t),5,0.9999999742077188,True,0.9999999999775298,True,python classbench_run.py -i 1 -t 0 -n 0.001000 -r 10,CR_1_0_10_0.001000,1.746433973312378
1,0,0.01,1,198144,True,True,1.28*exp(-0.79*t),0,1,True,True,True,,True,1.28*exp(-0.79*t),6,0.9752736265319611,False,0.940573606487989,False,python classbench_run.py -i 1 -t 0 -n 0.010000 -r 1,CR_1_0_1_0.010000,2.084045886993408
1,0,0.01,10,199208,True,True,1.05*exp(t*(0.184 - 0.8*t)/(t + 0.02)),0,1,True,True,True,,True,1.05*exp(-t*(0.8*t - 0.19)/(t + 0.02)),9,0.9999961910077776,True,0.9999999973922488,True,python classbench_run.py -i 1 -t 0 -n 0.010000 -r 10,CR_1_0_10_0.010000,2.2009849548339844
1,0,0.1,1,199453,True,True,1.25*exp(-0.77*t),0,1.05*exp(-0.04*t),True,True,False,,True,1.24*exp(-0.76*t),3,0.974644088645434,False,0.9999999999990524,True,python classbench_run.py -i 1 -t 0 -n 0.100000 -r 1,CR_1_0_1_0.100000,1.088878154754639
1,0,0.1,10,198485,True,True,1.37*exp(-0.81*t - 0.05/t),-0.05*exp(-pi*t/4),0.98,False,False,True,,True,1.31*exp(-0.8*t - 0.02/t),7,0.9996003379888684,True,0.999999999973033,True,python classbench_run.py -i 1 -t 0 -n 0.100000 -r 10,CR_1_0_10_0.100000,1.8103959560394287
1,1,0.0,1,199217,True,True,1.07*exp(-0.79*t),0,1,True,True,True,,True,1.07*exp(-0.79*t),10,0.999999999999997,True,0.9999999999989484,True,python classbench_run.py -i 1 -t 1 -n 0.000000 -r 1,CR_1_1_1_0.000000,1.2570092678070068
1,1,0.0,10,198284,True,True,1.07*exp(-0.79*t),0,1,True,True,True,,True,1.07*exp(-0.79*t),4,0.999999999893651,True,0.9999999999983769,True,python classbench_run.py -i 1 -t 1 -n 0.000000 -r 10,CR_1_1_10_0.000000,0.9144127368927002
1,1,0.001,1,198558,True,True,exp(-1.49*t - 1.49*cos(0.06*t - 1.66))**0.5,0,1,True,True,True,,True,1.07*exp(-0.79*t),8,0.9999999396294178,True,0.999999999999694,True,python classbench_run.py -i 1 -t 1 -n 0.001000 -r 1,CR_1_1_1_0.001000,1.5207529067993164
1,1,0.001,10,199936,True,True,1.07*exp(-0.79*t),0,1,True,True,True,,True,1.07*exp(-0.79*t),4,0.9999999567694208,True,0.9999999999995632,True,python classbench_run.py -i 1 -t 1 -n 0.001000 -r 10,CR_1_1_10_0.001000,1.208869695663452
1,1,0.01,1,198175,True,True,(-sin(1.09*exp(-1.58*t + 0.04/t)))**0.5,0,1,True,True,True,,True,1.07*exp(-0.8*t),8,0.9999943927590592,True,0.9999999999965536,True,python classbench_run.py -i 1 -t 1 -n 0.010000 -r 1,CR_1_1_1_0.010000,1.220541000366211
1,1,0.01,10,199921,True,True,1.07*exp(-0.79*t),0,1,True,True,True,,True,1.07*exp(-0.79*t),8,0.9999953619517612,True,0.999999984413137,True,python classbench_run.py -i 1 -t 1 -n 0.010000 -r 10,CR_1_1_10_0.010000,2.9270918369293213
1,1,0.1,1,198226,True,True,2.93*t*exp(-1.8*(t*(log(t) + 0.985816794522765))**0.5),-0.05*exp(-pi*t/4),0.94,False,False,True,,True,1.1*exp(-0.81*t),6,0.9994692826011976,True,0.9999999999991912,True,python classbench_run.py -i 1 -t 1 -n 0.100000 -r 1,CR_1_1_1_0.100000,1.404061794281006
1,1,0.1,10,199184,True,True,exp(-t*(0.82 - 0.11/(0.89*t + 0.07))),-0.04*exp(-pi*t/4),0.98,False,False,True,,True,1.09/(exp(0.8*t) - 0.03),5,0.9995655137464806,True,0.999999999998666,True,python classbench_run.py -i 1 -t 1 -n 0.100000 -r 10,CR_1_1_10_0.100000,2.27927303314209
1,2,0.0,1,198995,True,True,1.1*exp(-1.1*t),0,1,True,True,True,,True,1.1*exp(-1.1*t),10,0.9999999999999966,True,0.999999999995649,True,python classbench_run.py -i 1 -t 2 -n 0.000000 -r 1,CR_1_2_1_0.000000,1.43979811668396
1,2,0.0,10,198617,True,True,1.1*exp(-1.1*t),0,1,True,True,True,,True,1.1*exp(-1.1*t),8,0.9999999997807164,True,0.9999999999999812,True,python classbench_run.py -i 1 -t 2 -n 0.000000 -r 10,CR_1_2_10_0.000000,0.909466028213501
1,2,0.001,1,198773,True,True,1.1*exp(-1.1*t),0,1,True,True,True,,True,1.1*exp(-1.1*t),10,0.9999998510192132,True,0.9999999999996446,True,python classbench_run.py -i 1 -t 2 -n 0.001000 -r 1,CR_1_2_1_0.001000,1.655430793762207
1,2,0.001,10,198434,True,True,1.1*exp(-1.1*t),0,1,True,True,True,,True,1.1*exp(-1.1*t),9,0.99999998211581,True,0.9999999999171612,True,python classbench_run.py -i 1 -t 2 -n 0.001000 -r 10,CR_1_2_10_0.001000,1.2224159240722656
1,2,0.01,1,198513,True,True,1.1*exp(-1.1*t),0,1,True,True,True,,True,1.1*exp(-1.1*t),11,0.9999857187962288,True,0.99999999967398,True,python classbench_run.py -i 1 -t 2 -n 0.010000 -r 1,CR_1_2_1_0.010000,2.2873167991638184
1,2,0.01,10,199879,True,True,1.1*exp(-1.09*t),1.1*exp(-1.1*t) - 1.1*exp(-1.09*t),1,False,False,True,,True,1.1*exp(-1.09*t),8,0.999997862586444,True,0.9999999998559338,True,python classbench_run.py -i 1 -t 2 -n 0.010000 -r 10,CR_1_2_10_0.010000,1.5816059112548828
1,2,0.1,1,198263,True,True,0.79*exp(-1.27*t + 1/(3.42 - 1.27*(-t - 0.23)**0.5)),-exp(-pi*t/3) + 1.1*exp(-1.1*t),1.1*exp(-0.08*t),False,False,False,,False,,0,0.998675181745182,False,0.9999996903477568,True,python classbench_run.py -i 1 -t 2 -n 0.100000 -r 1,CR_1_2_1_0.100000,2.637679100036621
1,2,0.1,10,199648,True,True,1.15*(0.05 - exp(-0.48*t))**2,1.1*exp(-1.1*t) - 1.09*exp(-1.09*t),1,False,False,True,,True,1.09*exp(-1.09*t),6,0.9996825670996092,True,0.9999999903528236,True,python classbench_run.py -i 1 -t 2 -n 0.100000 -r 10,CR_1_2_10_0.100000,1.703552007675171
1,3,0.0,1,199721,True,True,1.28*exp(-0.8*t),0,1,True,True,True,,True,1.28*exp(-0.8*t),9,1.0,True,0.9999999999983736,True,python classbench_run.py -i 1 -t 3 -n 0.000000 -r 1,CR_1_3_1_0.000000,0.98868989944458
1,3,0.0,10,199265,True,True,1.28*exp(-0.8*t),0,1,True,True,True,,True,1.28*exp(-0.8*t),9,0.9999999998472208,True,0.9999999999924968,True,python classbench_run.py -i 1 -t 3 -n 0.000000 -r 10,CR_1_3_10_0.000000,1.381314039230347
1,3,0.001,1,199813,True,True,1.28*exp(-0.8*t + 8.75868519688933e-5/t),0,1,True,True,True,,True,1.28*exp(-0.8*t),10,0.9999999103609792,True,0.9999999999870054,True,python classbench_run.py -i 1 -t 3 -n 0.001000 -r 1,CR_1_3_1_0.001000,1.555999994277954
1,3,0.001,10,199171,True,True,1.28*exp(-0.8*t),0,1,True,True,True,,True,1.28*exp(-0.8*t),13,0.9999999564331076,True,7.159982158277955e-07,False,python classbench_run.py -i 1 -t 3 -n 0.001000 -r 10,CR_1_3_10_0.001000,1.9548659324645996
1,3,0.01,1,199907,True,True,1.25892885465499*exp(-0.79*t),0.02*exp(-pi*t/4),1.05,False,False,True,,True,1.25892885465499*exp(-0.79*t),9,0.999990897283101,True,0.9999999932700016,True,python classbench_run.py -i 1 -t 3 -n 0.010000 -r 1,CR_1_3_1_0.010000,1.6738519668579102
1,3,0.01,10,199190,True,True,1.28*exp(-0.79*t),0,1,True,True,True,,True,1.28*exp(-0.79*t),9,0.9999954885413616,True,0.9999999999993112,True,python classbench_run.py -i 1 -t 3 -n 0.010000 -r 10,CR_1_3_10_0.010000,1.602991819381714
1,3,0.1,1,199314,True,True,1.42*exp(0.71*t*(0.09*t - 1.03)) - 0.16,0.02*exp(-pi*t/4),1.05,False,False,True,,True,1.26*exp(-0.79*t),3,0.9990904503566052,True,0.9999999999910324,True,python classbench_run.py -i 1 -t 3 -n 0.100000 -r 1,CR_1_3_1_0.100000,1.0352239608764648
1,3,0.1,10,198433,True,True,1.25*exp(-0.77*t),0.03*exp(-pi*t/4),1.05,False,False,True,,True,1.25*exp(-0.77*t),7,0.9995661775588672,True,-0.0017909746543007,False,python classbench_run.py -i 1 -t 3 -n 0.100000 -r 10,CR_1_3_10_0.100000,7.246381044387817
1,4,0.0,1,198107,True,True,1.95*exp(-0.85*t),0,1,True,True,True,,True,1.95*exp(-0.85*t),6,0.9999999999999998,True,0.9999999999992416,True,python classbench_run.py -i 1 -t 4 -n 0.000000 -r 1,CR_1_4_1_0.000000,1.5323078632354736
1,4,0.0,10,198917,True,True,1.95*exp(-0.85*t),0,1,True,True,True,,True,1.95*exp(-0.85*t),7,0.9999999998161,True,0.9999999999994884,True,python classbench_run.py -i 1 -t 4 -n 0.000000 -r 10,CR_1_4_10_0.000000,1.448026180267334
1,4,0.001,1,198142,True,True,1.95*exp(-0.85*t),0,1,True,True,True,,True,1.95*exp(-0.85*t),5,0.9999957857270498,True,0.9997930169110354,True,python classbench_run.py -i 1 -t 4 -n 0.001000 -r 1,CR_1_4_1_0.001000,7.474115133285523
1,4,0.001,10,199081,True,True,1.95*exp(-0.85*t),0,1,True,True,True,,True,1.95*exp(-0.85*t),7,0.9999999734696916,True,0.9999999999786447,True,python classbench_run.py -i 1 -t 4 -n 0.001000 -r 10,CR_1_4_10_0.001000,1.9876408576965332
1,4,0.01,1,199660,True,True,0.52*t*exp(-(t*(t + 0.69) - 2.49)/(t + 0.69)),0,1,True,True,True,,True,1.94*exp(-0.85*t),6,0.9999856365815808,True,0.999999997415438,True,python classbench_run.py -i 1 -t 4 -n 0.010000 -r 1,CR_1_4_1_0.010000,6.168348789215088
1,4,0.01,10,198765,True,True,1.94*exp(-0.85*t),0,1,True,True,True,,True,1.94*exp(-0.85*t),10,0.9999971244547968,True,0.999999999978581,True,python classbench_run.py -i 1 -t 4 -n 0.010000 -r 10,CR_1_4_10_0.010000,2.036381244659424
1,4,0.1,1,199679,True,True,5.14/(2.97*t + 1.09*exp(t + 0.34/t) - 0.94),1.96*exp(-0.85*t) - 1.92*exp(-0.84*t),1.02,False,False,True,,True,1.92*exp(-0.84*t),7,0.9995769524880757,True,0.999999999847292,True,python classbench_run.py -i 1 -t 4 -n 0.100000 -r 1,CR_1_4_1_0.100000,7.872617959976196
1,4,0.1,10,198463,True,True,1.86/(0.97*exp(0.84*t) - 0.02),0,1,True,True,True,,True,1.94*exp(-0.85*t),7,0.9996891388895875,True,0.9999999999963604,True,python classbench_run.py -i 1 -t 4 -n 0.100000 -r 10,CR_1_4_10_0.100000,2.0981979370117188
2,0,0.0,1,198911,True,True,-t*(4.91*t - 3.49) + 1.29,0,1.0,True,True,True,,True,-t*(4.91*t - 3.49) + 1.29,15,0.9999999999999984,True,0.9999999999999852,True,python classbench_run.py -i 2 -t 0 -n 0.000000 -r 1,CR_2_0_1_0.000000,0.7030062675476074
2,0,0.0,10,199020,True,True,-t*(4.9*t - 4.49) - t + 1.29,0,1.0,True,True,True,,True,-t*(4.9*t - 4.49) - t + 1.29,11,0.9999999999999944,True,0.9999999999999768,True,python classbench_run.py -i 2 -t 0 -n 0.000000 -r 10,CR_2_0_10_0.000000,0.6978049278259277
2,0,0.001,1,198928,True,True,613.9*cos(0.13*t - 0.04) - 611.98,0,1,True,True,True,,True,-4.91*t**2 + 3.49*t + 1.29,14,0.9999995964741396,True,0.9999999999999198,True,python classbench_run.py -i 2 -t 0 -n 0.001000 -r 1,CR_2_0_1_0.001000,2.2366487979888916
2,0,0.001,10,198966,True,True,-t*(4.9*t - 3.49) + 1.29,0,1.0,True,True,True,,True,-t*(4.9*t - 3.49) + 1.29,9,0.9999999722053668,True,0.9999999999591962,True,python classbench_run.py -i 2 -t 0 -n 0.001000 -r 10,CR_2_0_10_0.001000,1.067929983139038
2,0,0.01,1,199020,True,True,-0.93*t + 22.8*sin(0.66*t + 1.27) - 20.51,-4.89*t**2 + 3.49*t + exp(t) - 1.8,(4.89*t**2 - 3.49*t - 1.29)/(exp(t) - 3.11),False,False,False,,False,,0,0.999957653831794,True,0.9999965024037007,True,python classbench_run.py -i 2 -t 0 -n 0.010000 -r 1,CR_2_0_1_0.010000,4.099746227264404
2,0,0.01,10,198980,True,True,-t*(4.89*t - 3.47) + 1.29,0,(4.89*t**2 - 5.34*t - 2.75)/(t*(4.89*t - 5.34) - 2.79),True,True,False,,True,-t*(4.89*t - 5.34) + 2.78,9,0.999997253805764,True,0.9999999999936235,True,python classbench_run.py -i 2 -t 0 -n 0.010000 -r 10,CR_2_0_10_0.010000,4.483180046081543
2,0,0.1,1,198016,True,True,-t + 4.11*exp(cos(t - 0.46)) - 8.79,-4.89*t**2 + 3.49*t + exp(t) - 1.84,(4.89*t**2 - 3.49*t - 1.29)/(exp(t) - 3.14),False,False,False,,False,,0,0.9957206663383756,False,0.9999357871267524,True,python classbench_run.py -i 2 -t 0 -n 0.100000 -r 1,CR_2_0_1_0.100000,2.473600149154663
2,0,0.1,10,198752,True,True,t*(-5.51*t + sin(t) + 3.2) + 1.32,-4.89*t**2 + 5.59*t - 0.05*exp(t) - 1.11,(-97.9467*t**2 + 111.9677*t - 22.2333)*exp(-t),False,False,False,,False,,0,0.999722310184814,True,0.9999876038607808,True,python classbench_run.py -i 2 -t 0 -n 0.100000 -r 10,CR_2_0_10_0.100000,1.21439790725708
2,1,0.0,1,199316,True,True,-4.9284*t**2 + 2.1836*t + 1.32,0,1,True,True,True,,True,-4.9*t**2 + 2.17*t + 1.32,14,0.9999999999999996,True,1.0,True,python classbench_run.py -i 2 -t 1 -n 0.000000 -r 1,CR_2_1_1_0.000000,3.0781660079956055
2,1,0.0,10,199362,True,True,-t*(4.91*t - 2.17) + 1.32,0,1.0,True,True,True,,True,-t*(4.91*t - 2.17) + 1.32,10,0.9999999999990457,True,0.9999999999999696,True,python classbench_run.py -i 2 -t 1 -n 0.000000 -r 10,CR_2_1_10_0.000000,0.7944118976593018
2,1,0.001,1,199193,True,True,-4.6*t*(t + sin(0.07*t - 0.41) - 0.07) + 1.32,0,1,True,True,True,,True,-4.9*t**2 + 2.17*t + 1.32,9,0.9999999589337938,True,0.9999999999851152,True,python classbench_run.py -i 2 -t 1 -n 0.001000 -r 1,CR_2_1_1_0.001000,2.6494321823120117
2,1,0.001,10,199357,True,True,-t*(4.91*t - 2.17) + 1.32,0,1.0,True,True,True,,True,-t*(4.91*t - 2.17) + 1.32,12,0.9999999761587566,True,0.9999999999998628,True,python classbench_run.py -i 2 -t 1 -n 0.001000 -r 10,CR_2_1_10_0.001000,0.8563830852508545
2,1,0.01,1,199192,True,True,-0.0482*t**3 - 4.82*t**2 + 2.1371*t + 1.33,-4.89*t**2 + 2.2*t + exp(t) - 1.18,(4.89*t**2 - 2.2*t - 1.35)/(exp(t) - 2.51),False,False,False,,False,,0,0.9999951051532106,True,0.9999291066263308,True,python classbench_run.py -i 2 -t 1 -n 0.010000 -r 1,CR_2_1_1_0.010000,1.990088939666748
2,1,0.01,10,199425,True,True,-t*(4.91*t - 2.17) + 1.33,-0.01,1.0,True,True,True,,True,-t*(4.91*t - 2.17) + 1.33,12,0.9999976436000476,True,0.9999999999999638,True,python classbench_run.py -i 2 -t 1 -n 0.010000 -r 10,CR_2_1_10_0.010000,0.7044048309326172
2,1,0.1,1,198821,True,True,-4.45*t*(t + cos(t*(t - 1)) - 1.37) + 1.4,-4.89*t**2 + 2.2*t + exp(t) - 1.18,(4.89*t**2 - 2.2*t - 1.35)/(exp(t) - 2.51),False,False,False,,False,,0,0.9994861551482288,True,0.999966065895866,True,python classbench_run.py -i 2 -t 1 -n 0.100000 -r 1,CR_2_1_1_0.100000,2.873610019683838
2,1,0.1,10,199280,True,True,-t*(4.29*t - 1.51) + 1.46,0,(4.89*t**2 - 6.86*t + 0.86)/(4.94*t**2 - 6.91*t + 0.86),True,True,False,,True,-4.94*t**2 + 6.89*t - 0.86,9,0.9995852212058928,True,0.9999999999999792,True,python classbench_run.py -i 2 -t 1 -n 0.100000 -r 10,CR_2_1_10_0.100000,0.638657808303833
2,2,0.0,1,199204,True,True,-t*(4.91*t - 2.36) - 2.84,0,1.0,True,True,True,,True,-t*(4.91*t - 2.36) - 2.84,12,0.9999999999999996,True,0.9999999999999516,True,python classbench_run.py -i 2 -t 2 -n 0.000000 -r 1,CR_2_2_1_0.000000,0.7850501537322998
2,2,0.0,10,199250,True,True,-4.9*t**2 + 2.372*t - 2.84,0,1,True,True,True,,True,-4.9*t**2 + 2.36*t - 2.84,13,0.9999999999995924,True,0.9999999999995032,True,python classbench_run.py -i 2 -t 2 -n 0.000000 -r 10,CR_2_2_10_0.000000,2.9444310665130615
2,2,0.001,1,199202,True,True,-3.8016*t**2 + 8.0091*t*sin(0.14*t + 2.84) - 2.84,0,1,True,True,True,,True,-4.9*t**2 + 2.36*t - 2.84,10,0.9999984713009328,True,0.9999999999976492,True,python classbench_run.py -i 2 -t 2 -n 0.001000 -r 1,CR_2_2_1_0.001000,3.788045883178711
2,2,0.001,10,199208,True,True,-t*(4.9*t - 1.36) + t - 2.84,0,(4.89*t**2 - 2.36*t + 2.83)/(t*(4.89*t - 1.35) - t + 2.83),True,True,False,,True,-t*(4.9*t - 1.36) + t - 2.84,14,0.9999999843863082,True,0.9999999999999994,True,python classbench_run.py -i 2 -t 2 -n 0.001000 -r 10,CR_2_2_10_0.001000,0.7315011024475098
2,2,0.01,1,199088,True,True,-3*t + 8.57*(0.29*(t - 0.55)**2 - 1)**2 - 9.94,-0.04*t**2,1,False,False,True,,True,-4.87*t**2 + 2.35*t - 2.85,7,0.9998445155590818,True,0.9999999999826072,True,python classbench_run.py -i 2 -t 2 -n 0.010000 -r 1,CR_2_2_1_0.010000,4.3819169998168945
2,2,0.01,10,199226,True,True,-4.9*t**2 + 2.35*t - 2.84,0,1,True,True,True,,True,-4.9*t**2 + 2.35*t - 2.84,13,0.9999984502515512,True,0.9999999999995448,True,python classbench_run.py -i 2 -t 2 -n 0.010000 -r 10,CR_2_2_10_0.010000,0.9553027153015136
2,2,0.1,1,198040,True,True,t + log(sin(7.5*exp(0.05*t**2)) - 1),-4.89*t**2 + 2.36*t + exp(t) - 1.35,(4.89*t**2 - 2.36*t + 2.83)/(exp(t) + 1.47),False,False,False,,False,,0,0.9796075939107296,False,0.9918374977295834,False,python classbench_run.py -i 2 -t 2 -n 0.100000 -r 1,CR_2_2_1_0.100000,3.38364315032959
2,2,0.1,10,199123,True,True,-2.1*t*(2.1*t - 1.1) + cos(t) - 3.82,-4.89*t**2 - 0.28*t + exp(t),(4.89*t**2 + 0.28*t - 2.36)/(exp(t) - 2.39),False,False,False,,False,,0,0.9998423650618106,True,0.9999992753965252,True,python classbench_run.py -i 2 -t 2 -n 0.100000 -r 10,CR_2_2_10_0.100000,1.3995747566223145
2,3,0.0,1,199368,True,True,-t*(4.9*t - 2.51) + t + 1.25,0,(-4.89*t**2 + 3.49*t + 1.26)/(-t*(4.89*t - 2.51) + t + 1.26),True,True,False,,True,-t*(4.9*t - 2.51) + t + 1.25,12,1.0,True,1.0,True,python classbench_run.py -i 2 -t 3 -n 0.000000 -r 1,CR_2_3_1_0.000000,0.9022729396820068
2,3,0.0,10,199181,True,True,-t*(4.9*t - 3.51) + 1.25,0,1.0,True,True,True,,True,-t*(4.9*t - 3.51) + 1.25,7,0.9999999999998378,True,0.9999999999999916,True,python classbench_run.py -i 2 -t 3 -n 0.000000 -r 10,CR_2_3_10_0.000000,0.7370321750640869
2,3,0.001,1,199360,True,True,-250*sin(0.2*t - 1.64) - 248.13,0,1,True,True,True,,True,-4.91*t**2 + 3.51*t + 1.25,5,0.9999995924484776,True,0.9999999999994428,True,python classbench_run.py -i 2 -t 3 -n 0.001000 -r 1,CR_2_3_1_0.001000,1.2082278728485107
2,3,0.001,10,199219,True,True,-t*(4.91*t - 2.51) + t + 1.25,0,1.0,True,True,True,,True,-t*(4.91*t - 2.51) + t + 1.25,9,0.999999973026684,True,0.9999999998517384,True,python classbench_run.py -i 2 -t 3 -n 0.001000 -r 10,CR_2_3_10_0.001000,1.4483728408813477
2,3,0.01,1,199221,True,True,1.52*t*(t + 15.59*cos(0.28*t + 1.52) + 1.52) + 1.24,-4.89*t**2 + 3.49*t - 1.75*cos(t) + 1.26,(-2.7873*t**2 + 1.9893*t + 0.7182)/cos(t),False,False,False,,False,,0,0.9999536552992416,True,0.9999994837193285,True,python classbench_run.py -i 2 -t 3 -n 0.010000 -r 1,CR_2_3_1_0.010000,3.108139753341675
2,3,0.01,10,199223,True,True,-4.93*t*(t - 0.75 + 1/(3.93*t + 24.32)) + 1.25,0,1.0,True,True,True,,True,-t*(4.91*t - 2.51) + t + 1.25,13,0.9999973665319428,True,0.9999999999654804,True,python classbench_run.py -i 2 -t 3 -n 0.010000 -r 10,CR_2_3_10_0.010000,1.0676188468933103
2,3,0.1,1,198166,True,True,2.35*cos(3.26 - 2.48/(1.39*t**2 - t + 1.12)),-4.89*t**2 + 3.49*t - 1.75*cos(t) + 1.26,(-2.7873*t**2 + 1.9893*t + 0.7182)/cos(t),False,False,False,,False,,0,0.9940746022363482,False,0.9990722268374004,True,python classbench_run.py -i 2 -t 3 -n 0.100000 -r 1,CR_2_3_1_0.100000,2.846720933914185
2,3,0.1,10,199079,True,True,-4.92*t**2 + 3.4946*t + 1.2546,-0.02,(-4.89*t**2 + 3.49*t + 1.26)/(-4.94*t**2 + 3.49*t + 1.26),True,True,False,,True,-4.92*t**2 + 3.51*t + 1.27,10,0.999271977860046,True,0.999908129699014,True,python classbench_run.py -i 2 -t 3 -n 0.100000 -r 10,CR_2_3_10_0.100000,2.3963069915771484
2,4,0.0,1,199081,True,True,-t*(4.9*t - 6.67) + t + 0.28,0,1.0,True,True,True,,True,-t*(4.9*t - 6.67) + t + 0.28,11,0.9999999999999994,True,0.9999999999999956,True,python classbench_run.py -i 2 -t 4 -n 0.000000 -r 1,CR_2_4_1_0.000000,0.7816743850708008
2,4,0.0,10,199366,True,True,-2.45*t*(2*t - 3.13) + 0.28,0,1.0,True,True,True,,True,-t*(4.9*t - 7.67) + 0.28,13,0.9999999999986106,True,1.0,True,python classbench_run.py -i 2 -t 4 -n 0.000000 -r 10,CR_2_4_10_0.000000,0.8382852077484131
2,4,0.001,1,199048,True,True,-t*(4.91*t - 7.67) + 0.28,0,1.0,True,True,True,,True,-t*(4.91*t - 7.67) + 0.28,10,0.9999999267472152,True,0.9999999999902904,True,python classbench_run.py -i 2 -t 4 -n 0.001000 -r 1,CR_2_4_1_0.001000,2.100381135940552
2,4,0.001,10,199315,True,True,t*(-4.94*t + log(t + 24.44) + 4.47) + 0.28,0,1.0,True,True,True,,True,-t*(4.9*t - 6.67) + t + 0.28,8,0.9999999848969836,True,0.9999999999999336,True,python classbench_run.py -i 2 -t 4 -n 0.001000 -r 10,CR_2_4_10_0.001000,0.7805821895599365
2,4,0.01,1,199156,True,True,t*(-t*(-t**2 + 2*t + 4.63) + t + 7.39) + 0.3,-5.879632*t**2 + 5.5744*t - 0.84,(-4.401*t**2 + 6.912*t + 0.252)/(0.94*t + 1)**2,False,False,False,,False,,0,0.9999678157877588,True,0.999994369509287,True,python classbench_run.py -i 2 -t 4 -n 0.010000 -r 1,CR_2_4_1_0.010000,1.003037929534912
2,4,0.01,10,199272,True,True,-4.9*t**2 + 7.66*t + 0.29,0,(-4.89*t**2 + 7.68*t + 0.28)/(-4.89*t**2 + 7.68*t + 0.31),True,True,False,,True,-4.9*t**2 + 7.66*t + 0.29,13,0.9999985661552434,True,0.9999999984472436,True,python classbench_run.py -i 2 -t 4 -n 0.010000 -r 10,CR_2_4_10_0.010000,3.5684568881988525
2,4,0.1,1,199421,True,True,2.74*t - 0.71*sin(4.56*t - 3.85) + 0.89,-3.77*t**0.52 - 4.89*t**2 + 7.68*t + 0.28,(-1.3203*t**2 + 2.0736*t + 0.0756)/t**0.52,False,False,False,,False,,0,0.9967055154835068,False,0.9987438094101576,False,python classbench_run.py -i 2 -t 4 -n 0.100000 -r 1,CR_2_4_1_0.100000,3.848956823348999
2,4,0.1,10,199218,True,True,-2.93*t*(t*(t**2 - 2*t + 2.93) - 2.86) + 0.3,-4.89*t**2 + 6.6*t + exp(t) - 3.38,(4.89*t**2 - 6.6*t + 0.2)/(exp(t) - 3.18),False,False,False,,False,,0,0.9998075904330672,True,0.9999789587016432,True,python classbench_run.py -i 2 -t 4 -n 0.100000 -r 10,CR_2_4_10_0.100000,1.5128319263458252
3,0,0.0,1,199588,True,True,exp(-0.66*t)*cos(1.51*t),,,,,,Unknown error,False,,-1,0.9934884693338266,False,0.9999820491943786,True,python classbench_run.py -i 3 -t 0 -n 0.000000 -r 1,CR_3_0_1_0.000000,2.3097898960113525
3,0,0.0,10,198130,True,True,(1 - t)*exp(-0.36*t**2),,,,,,Unknown error,False,,-1,0.8472206180034612,False,0.9962701116961912,False,python classbench_run.py -i 3 -t 0 -n 0.000000 -r 10,CR_3_0_10_0.000000,1.2177839279174805
3,0,0.001,1,198721,True,True,1.03*(1 - t)*exp(-0.36*t**2),exp(-pi*t/5)*cos(4*pi*t/9 + pi/10) - exp(-7*pi*t/9),exp(4*pi*t/7)*cos(pi*(4*t/9 + 1/10)),False,False,False,,False,,0,0.9803350473587265,False,0.9977093090482564,False,python classbench_run.py -i 3 -t 0 -n 0.001000 -r 1,CR_3_0_1_0.001000,1.286569118499756
3,0,0.001,10,198570,True,True,(1.029 - 0.98*t)*exp(-t*(0.33*t + 0.05)),exp(-pi*t/4)*cos(4*pi*t/9) - exp(-5*pi*t/8),exp(3*pi*t/8)*cos(4*pi*t/9),False,False,False,,False,,0,0.8474322153413781,False,0.9972701991709244,False,python classbench_run.py -i 3 -t 0 -n 0.001000 -r 10,CR_3_0_10_0.001000,1.312882900238037
3,0,0.01,1,199460,True,True,2.74*(0.35 - exp(-0.35*t**2))**2 - 0.32,,,,,,Unknown error,False,,-1,0.9681493757646444,False,0.9617692072226364,False,python classbench_run.py -i 3 -t 0 -n 0.010000 -r 1,CR_3_0_1_0.010000,5.150302886962891
3,0,0.01,10,198179,True,True,exp(-0.73*t)*sin(3.14*t**0.5),exp(-pi*t/4)*cos(4*pi*t/9) - exp(-5*pi*t/8),exp(3*pi*t/8)*cos(4*pi*t/9),False,False,False,,False,,0,0.8322375635037671,False,0.9486304471837096,False,python classbench_run.py -i 3 -t 0 -n 0.010000 -r 10,CR_3_0_10_0.010000,2.057405948638916
3,0,0.1,1,199155,True,True,(0.957 - 0.9222*t)*exp(-0.14*t**3),exp(-pi*t/5)*cos(4*pi*t/9 + pi/10) - exp(-7*pi*t/9),exp(4*pi*t/7)*cos(pi*(4*t/9 + 1/10)),False,False,False,,False,,0,0.9838089448903268,False,0.9939827528471512,False,python classbench_run.py -i 3 -t 0 -n 0.100000 -r 1,CR_3_0_1_0.100000,1.5026891231536863
3,0,0.1,10,198539,True,True,0.98*cos(1.51*t)/(t + 1.06),exp(-pi*t/4)*cos(4*pi*t/9) - exp(-3*pi*t/5),exp(pi*t/3)*cos(4*pi*t/9),False,False,False,,False,,0,0.8960448400076675,False,0.9901779420973308,False,python classbench_run.py -i 3 -t 0 -n 0.100000 -r 10,CR_3_0_10_0.100000,1.7060301303863523
3,1,0.0,1,199627,True,True,(1 - t)*exp(-0.46*t*(t - 0.72)),,,,,,Unknown error,False,,-1,0.9653293940000413,False,0.996546241748029,False,python classbench_run.py -i 3 -t 1 -n 0.000000 -r 1,CR_3_1_1_0.000000,1.7137479782104492
3,1,0.0,10,199148,True,True,(1 - t)*exp(-0.44*t*(t - 0.64)),,,,,,Unknown error,False,,-1,0.9428812474165724,False,0.9962777986479407,False,python classbench_run.py -i 3 -t 1 -n 0.000000 -r 10,CR_3_1_10_0.000000,1.5275487899780271
3,1,0.001,1,199832,True,True,-0.53*t*exp(-0.26*t**2) + exp(-t),exp(-pi*t/6)*cos(4*pi*t/9 + pi/10) - exp(-7*pi*t/9),exp(3*pi*t/5)*cos(pi*(4*t/9 + 1/10)),False,False,False,,False,,0,0.9165220060738628,False,0.9935942456020124,False,python classbench_run.py -i 3 -t 1 -n 0.001000 -r 1,CR_3_1_1_0.001000,1.5927090644836426
3,1,0.001,10,198573,True,True,(1 - t)*exp(-0.33*t**2),exp(-pi*t/5)*cos(4*pi*t/9) - exp(-5*pi*t/8),exp(4*pi*t/9)*cos(4*pi*t/9),False,False,False,,False,,0,0.9245642600737608,False,0.9959219409462072,False,python classbench_run.py -i 3 -t 1 -n 0.001000 -r 10,CR_3_1_10_0.001000,1.3912429809570312
3,1,0.01,1,199805,True,True,2.4390243902439*(-cos(t - 3.21) - 0.59)/(t + exp(0.41*t**2)),exp(-pi*t/6)*cos(4*pi*t/9 + pi/10) - exp(-7*pi*t/9),exp(3*pi*t/5)*cos(pi*(4*t/9 + 1/10)),False,False,False,,False,,0,0.968944912971014,False,0.9929665668737152,False,python classbench_run.py -i 3 -t 1 -n 0.010000 -r 1,CR_3_1_1_0.010000,2.1339190006256104
3,1,0.01,10,199148,True,True,(1 - t)*exp(-0.33*t**2),exp(-pi*t/5)*cos(4*pi*t/9) - exp(-5*pi*t/8),exp(4*pi*t/9)*cos(4*pi*t/9),False,False,False,,False,,0,0.9236905816970908,False,0.9960892606655016,False,python classbench_run.py -i 3 -t 1 -n 0.010000 -r 10,CR_3_1_10_0.010000,1.1853599548339844
3,1,0.1,1,199144,True,True,-0.51*t*exp(-0.26*t**2) + exp(-t),,,,,,Unknown error,False,,-1,0.921351575340101,False,0.9875017950786552,False,python classbench_run.py -i 3 -t 1 -n 0.100000 -r 1,CR_3_1_1_0.100000,1.5614938735961914
3,1,0.1,10,199308,True,True,(1.02 - t)*exp(-0.32*t**2),exp(-pi*t/5)*cos(4*pi*t/9) - exp(-5*pi*t/8),exp(4*pi*t/9)*cos(4*pi*t/9),False,False,False,,False,,0,0.9264646475150624,False,0.9963588285346024,False,python classbench_run.py -i 3 -t 1 -n 0.100000 -r 10,CR_3_1_10_0.100000,1.2231488227844238
3,2,0.0,1,199309,True,True,(1.2 - t)*exp(-0.11*t**3),-exp(-pi*t**(5*pi/8)/3) + exp(-pi*t/6)*sin(4*pi*t/9 + 2*pi/5),exp(-pi*t/6 + t**(5*pi/8))*sin(pi*(4*t/9 + 2/5)),False,False,False,,False,,0,0.9641573846838016,False,0.9807002341116254,False,python classbench_run.py -i 3 -t 2 -n 0.000000 -r 1,CR_3_2_1_0.000000,1.2014670372009275
3,2,0.0,10,199765,True,True,(1.16 - t)*exp(t*(0.31 - 0.42*t)),,,,,,Unknown error,False,,-1,0.931714389392656,False,0.9953555008942184,False,python classbench_run.py -i 3 -t 2 -n 0.000000 -r 10,CR_3_2_10_0.000000,3.320423126220703
3,2,0.001,1,198757,True,True,exp(-t**2),-exp(-pi*t**(5*pi/8)/3) + exp(-pi*t/6)*sin(4*pi*t/9 + 2*pi/5),exp(-pi*t/6 + t**(5*pi/8))*sin(pi*(4*t/9 + 2/5)),False,False,False,,False,,0,0.9767189551132622,False,0.9843034348117652,False,python classbench_run.py -i 3 -t 2 -n 0.001000 -r 1,CR_3_2_1_0.001000,6.6961989402771
3,2,0.001,10,199628,True,True,exp(-t**2),-exp(-pi**2*t/3) + exp(-pi*t/10)*cos(4*pi*t/9 + pi/10),exp(9*pi*t/10)*cos(pi*(4*t/9 + 1/10)),False,False,False,,False,,0,0.9280376576170352,False,0.9843195074034582,False,python classbench_run.py -i 3 -t 2 -n 0.001000 -r 10,CR_3_2_10_0.001000,5.9965269565582275
3,2,0.01,1,199408,True,True,(0.57 - 1/(0.03*exp(2*t) + 0.57))**2 - 0.3,-exp(-pi*t**(5*pi/8)/3) + exp(-pi*t/6)*sin(4*pi*t/9 + 2*pi/5),exp(-pi*t/6 + t**(5*pi/8))*sin(pi*(4*t/9 + 2/5)),False,False,False,,False,,0,0.9730252044810468,False,0.9782752769677356,False,python classbench_run.py -i 3 -t 2 -n 0.010000 -r 1,CR_3_2_1_0.010000,1.934678077697754
3,2,0.01,10,198183,True,True,1.0*(1.0 - 0.01*exp(3.55*t))*exp(-t**2),,,,,,Unknown error,False,,-1,0.9284262057054314,False,0.9852780432186984,False,python classbench_run.py -i 3 -t 2 -n 0.010000 -r 10,CR_3_2_10_0.010000,7.244261264801025
3,2,0.1,1,198173,True,True,-(0.52*sin(log(-2*t + exp(t) - 0.25)) + 0.1)/t,-exp(-pi*t**(5*pi/8)/3) + exp(-pi*t/6)*sin(4*pi*t/9 + 2*pi/5),exp(-pi*t/6 + t**(5*pi/8))*sin(pi*(4*t/9 + 2/5)),False,False,False,,False,,0,-7.174699856558343,False,0.8581980032254185,False,python classbench_run.py -i 3 -t 2 -n 0.100000 -r 1,CR_3_2_1_0.100000,3.6151938438415527
3,2,0.1,10,199745,True,True,1.0*(1.0 - 0.02*exp(3.4*t))*exp(-t**2),-exp(-pi**2*t/3) + exp(-pi*t/10)*cos(4*pi*t/9 + pi/10),exp(8*pi*t/9)*cos(pi*(4*t/9 + 1/10)),False,False,False,,False,,0,0.9246004044190566,False,0.98652219043033,False,python classbench_run.py -i 3 -t 2 -n 0.100000 -r 10,CR_3_2_10_0.100000,7.34486198425293
3,3,0.0,1,199005,True,True,0.19/t,exp(-pi*t/5)*cos(4*pi*t/9 + pi/10) - exp(-5*pi*t/8),exp(4*pi*t/9)*cos(pi*(4*t/9 + 1/10)),False,False,False,,False,,0,-159.27820513401787,False,0.4904861158734267,False,python classbench_run.py -i 3 -t 3 -n 0.000000 -r 1,CR_3_3_1_0.000000,5.462615013122559
3,3,0.0,10,199191,True,True,(1.02 - t)*exp(-0.12*t*(t**2 + 1)),(exp(pi*t/2)*cos(4*pi*t/9) - 1)*exp(-5*pi*t/8),exp(pi*t/2)*cos(4*pi*t/9),False,False,False,,False,,0,0.8939491172602653,False,0.9908452534457104,False,python classbench_run.py -i 3 -t 3 -n 0.000000 -r 10,CR_3_3_10_0.000000,2.9601731300354004
3,3,0.001,1,199277,True,True,(-0.61*cos(1.72*t + 2.18) - 0.4758)/t**2,exp(-pi*t/5)*cos(4*pi*t/9 + pi/10) - exp(-5*pi*t/8),exp(4*pi*t/9)*cos(pi*(4*t/9 + 1/10)),False,False,False,,False,,0,-39315301.87395036,False,0.2846765395550431,False,python classbench_run.py -i 3 -t 3 -n 0.001000 -r 1,CR_3_3_1_0.001000,6.770462989807129
3,3,0.001,10,198002,True,True,(0.94 - t)*exp(t*(1 - 0.86*t)),(exp(pi*t/2)*cos(4*pi*t/9) - 1)*exp(-5*pi*t/8),exp(pi*t/2)*cos(4*pi*t/9),False,False,False,,False,,0,0.8749462987742391,False,0.9553903706482076,False,python classbench_run.py -i 3 -t 3 -n 0.001000 -r 10,CR_3_3_10_0.001000,1.1875479221343994
3,3,0.01,1,199861,True,True,1.02*exp(-1.46*t)**0.5*cos(1.46*t),exp(-pi*t/5)*cos(4*pi*t/9 + pi/10) - exp(-5*pi*t/7),exp(5*pi*t/9)*cos(pi*(4*t/9 + 1/10)),False,False,False,,False,,0,0.9875518383637985,False,0.9996082591755916,True,python classbench_run.py -i 3 -t 3 -n 0.010000 -r 1,CR_3_3_1_0.010000,1.666550636291504
3,3,0.01,10,198260,True,True,(0.94 - t)*exp(t*(1 - 0.86*t)),,,,,,Unknown error,False,,-1,0.8742064214959853,False,0.95702760456643,False,python classbench_run.py -i 3 -t 3 -n 0.010000 -r 10,CR_3_3_10_0.010000,1.1905579566955566
3,3,0.1,1,198552,True,True,(-sin(1.53*t - 1.79) - 0.19)*exp(-0.74*t),exp(-pi*t/5)*cos(4*pi*t/9 + pi/10) - exp(-5*pi*t/8),exp(4*pi*t/9)*cos(pi*(4*t/9 + 1/10)),False,False,False,,False,,0,0.9674945427436088,False,0.8861261258656481,False,python classbench_run.py -i 3 -t 3 -n 0.100000 -r 1,CR_3_3_1_0.100000,5.98942494392395
3,3,0.1,10,198507,True,True,(0.94 - t)*exp(t*(1 - 0.86*t)),(exp(pi*t/2)*cos(4*pi*t/9) - 1)*exp(-5*pi*t/8),exp(pi*t/2)*cos(4*pi*t/9),False,False,False,,False,,0,0.8751580510334294,False,0.9530967194301172,False,python classbench_run.py -i 3 -t 3 -n 0.100000 -r 10,CR_3_3_10_0.100000,1.1201400756835938
3,4,0.0,1,198768,True,True,-0.05*exp(-t*(t - 2.88)) + exp(-t),exp(-pi*t/3)*cos(4*pi*t/9) - exp(-7*pi*t/9),exp(4*pi*t/9)*cos(4*pi*t/9),False,False,False,,False,,0,0.991733633733586,False,0.9937258099838312,False,python classbench_run.py -i 3 -t 4 -n 0.000000 -r 1,CR_3_4_1_0.000000,1.7006189823150637
3,4,0.0,10,199226,True,True,-sin((t*(3*t - 2.15) - 1)*exp(-2*t)),,,,,,Unknown error,False,,-1,0.9108686285319214,False,0.9934872352504578,False,python classbench_run.py -i 3 -t 4 -n 0.000000 -r 10,CR_3_4_10_0.000000,1.8327140808105469
3,4,0.001,1,198242,True,True,(3.33*(1 - 0.47*t)**0.5 - 2.26)*exp(-t),exp(-pi*t/3)*cos(4*pi*t/9) - exp(-7*pi*t/9),exp(4*pi*t/9)*cos(4*pi*t/9),False,False,False,,False,,0,0.9865141947557312,False,0.987031508065652,False,python classbench_run.py -i 3 -t 4 -n 0.001000 -r 1,CR_3_4_1_0.001000,1.545401096343994
3,4,0.001,10,199226,True,True,-0.31*exp(-t*(1.1*t - 1.84))*log(t),exp(-pi*t/3)*cos(4*pi*t/9) - exp(-5*pi*t/8),exp(t)*cos(4*pi*t/9),False,False,False,,False,,0,0.9019453490074064,False,0.975612142347143,False,python classbench_run.py -i 3 -t 4 -n 0.001000 -r 10,CR_3_4_10_0.001000,1.8020060062408447
3,4,0.01,1,198849,True,True,(1.05 - t)*exp(-0.02*t*(18.97*(0.37*t + 1)**2 - 0.02)),exp(-pi*t/3)*cos(4*pi*t/9) - exp(-7*pi*t/9),exp(4*pi*t/9)*cos(4*pi*t/9),False,False,False,,False,,0,0.99737677380882,False,0.9983579162691104,False,python classbench_run.py -i 3 -t 4 -n 0.010000 -r 1,CR_3_4_1_0.010000,2.0893969535827637
3,4,0.01,10,199030,True,True,(1.79*exp(-t*(1.42*t + 0.61) + t) - 0.8)*exp(-t),exp(-pi*t/3)*cos(4*pi*t/9) - exp(-5*pi*t/8),exp(t)*cos(4*pi*t/9),False,False,False,,False,,0,0.8733862491035588,False,0.9872135067181572,False,python classbench_run.py -i 3 -t 4 -n 0.010000 -r 10,CR_3_4_10_0.010000,1.628657341003418
3,4,0.1,1,198625,True,True,-1.0*t + 6.56959228182695*exp(0.0741*t - 4.332/t) + 1.0,exp(-pi*t/3)*cos(4*pi*t/9) - exp(-5*pi*t/7),exp(2*pi*t/5)*cos(4*pi*t/9),False,False,False,,False,,0,0.9805570656665752,False,0.9792793698246188,False,python classbench_run.py -i 3 -t 4 -n 0.100000 -r 1,CR_3_4_1_0.100000,2.584210157394409
3,4,0.1,10,198862,True,True,-0.06*exp(-t**2 + 2.78*t) + exp(-0.97*t),exp(-pi*t/3)*cos(4*pi*t/9) - exp(-5*pi*t/8),exp(t)*cos(4*pi*t/9),False,False,False,,False,,0,0.9643965887124932,False,0.9963379696124348,False,python classbench_run.py -i 3 -t 4 -n 0.100000 -r 10,CR_3_4_10_0.100000,1.817277908325195
4,0,0.0,1,198576,True,True,-(0.17 - 1.1*exp(-0.22*t))*cos(t + 0.17),-exp(-pi*t**(5*pi/8)/3) + exp(-pi*t/10)*cos(t + pi/10),exp(-pi*t/10 + t**(5*pi/8))*cos(t + pi/10),False,False,False,,False,,0,0.984270683877632,False,0.9992848362974054,True,python classbench_run.py -i 4 -t 0 -n 0.000000 -r 1,CR_4_0_1_0.000000,1.989630937576294
4,0,0.0,10,198737,True,True,0.97*exp(-0.36*t)*cos(1.11*t),0,1,True,True,True,,True,exp(-0.3*t)*cos(0.7*t),8,0.994546743769338,False,0.9999998888731304,True,python classbench_run.py -i 4 -t 0 -n 0.000000 -r 10,CR_4_0_10_0.000000,1.954998016357422
4,0,0.001,1,198666,True,True,0.86*exp(-0.3*t)*cos(1.1*t),-exp(-pi*t**(5*pi/8)/3) + exp(-pi*t/10)*cos(t + pi/10),exp(-pi*t/10 + t**(5*pi/8))*cos(t + pi/10),False,False,False,,False,,0,0.9893046696941252,False,0.9946759744162962,False,python classbench_run.py -i 4 -t 0 -n 0.001000 -r 1,CR_4_0_1_0.001000,1.882737159729004
4,0,0.001,10,198178,True,True,1.58*(0.11 - exp(-t))**0.5 - 0.52,,,,,,Unknown error,False,,-1,0.9055021564851544,False,0.9626371751760472,False,python classbench_run.py -i 4 -t 0 -n 0.001000 -r 10,CR_4_0_10_0.001000,1.9123289585113523
4,0,0.01,1,199619,True,True,-0.14*t - 0.85*t*exp(-0.1*t**2) + 1.14,-exp(-pi*t**(5*pi/8)/3) + exp(-pi*t/10)*cos(t + pi/10),exp(-pi*t/10 + t**(5*pi/8))*cos(t + pi/10),False,False,False,,False,,0,0.9715088857868484,False,0.9971041739123973,False,python classbench_run.py -i 4 -t 0 -n 0.010000 -r 1,CR_4_0_1_0.010000,2.0925331115722656
4,0,0.01,10,199418,True,True,-0.28 + 1.89*exp(-0.95/(-0.44 + 1/t)**0.5),-exp(-pi*t**(5*pi/8)/3) + exp(-pi*t/10)*cos(3*pi*t/8),exp(-pi*t/10 + t**(5*pi/8))*cos(3*pi*t/8),False,False,False,,False,,0,0.8951882882199579,False,0.96297582062695,False,python classbench_run.py -i 4 -t 0 -n 0.010000 -r 10,CR_4_0_10_0.010000,2.134942054748535
4,0,0.1,1,198171,True,True,0.96 - 0.95*exp(-0.96*cos(0.96*t + 0.32)/t),-exp(-pi*t**(5*pi/8)/3) + exp(-pi*t/10)*cos(t + pi/10),exp(-pi*t/10 + t**(5*pi/8))*cos(t + pi/10),False,False,False,,False,,0,0.9753888932608116,False,0.0,False,python classbench_run.py -i 4 -t 0 -n 0.100000 -r 1,CR_4_0_1_0.100000,5.1994969844818115
4,0,0.1,10,198063,True,True,(3.05*sin(t + 1.16) - 1.9215)*exp(-t),-exp(-pi*t**(5*pi/8)/3) + exp(-pi*t/10)*cos(3*pi*t/8),exp(-pi*t/10 + t**(5*pi/8))*cos(3*pi*t/8),False,False,False,,False,,0,0.8979592252678003,False,0.9418905304839356,False,python classbench_run.py -i 4 -t 0 -n 0.100000 -r 10,CR_4_0_10_0.100000,1.7680001258850098
4,1,0.0,1,198718,True,True,0.95*exp(-0.34*t)*cos(t),-exp(-pi*t**(5*pi/8)/3) + exp(-pi*t/10)*cos(t + pi/10),exp(-pi*t/10 + t**(5*pi/8))*cos(t + pi/10),False,False,False,,False,,0,0.9939377207830776,False,0.9973824396065778,False,python classbench_run.py -i 4 -t 1 -n 0.000000 -r 1,CR_4_1_1_0.000000,1.6625158786773682
4,1,0.0,10,198602,True,True,-sin(0.35*t*(t*(t + 3.95)*exp(-t) + 0.35) - 1.14),-exp(-pi*t/8)*cos(t) + exp(-pi*t/10)*cos(t),1,False,False,True,,True,exp(-0.4*t)*cos(t),7,0.8855651997759515,False,0.9918691329454904,False,python classbench_run.py -i 4 -t 1 -n 0.000000 -r 10,CR_4_1_10_0.000000,6.916496992111206
4,1,0.001,1,199329,True,True,-0.1*t - 0.6*t*exp(-0.08*t**2) + 0.9,-exp(-pi*t**(5*pi/8)/3) + exp(-pi*t/10)*cos(t + pi/10),exp(-pi*t/10 + t**(5*pi/8))*cos(t + pi/10),False,False,False,,False,,0,0.965717292732305,False,0.9925699695568208,False,python classbench_run.py -i 4 -t 1 -n 0.001000 -r 1,CR_4_1_1_0.001000,2.1456727981567383
4,1,0.001,10,198672,True,True,cos(2.25*exp(-0.79*(0.38 - 1/t)**0.5)),-exp(-pi*t/8)*cos(t) + exp(-pi*t/10)*cos(t),1,False,False,True,,True,exp(-0.4*t)*cos(t),8,0.9053035247273196,False,0.9988164066453972,False,python classbench_run.py -i 4 -t 1 -n 0.001000 -r 10,CR_4_1_10_0.001000,1.5387749671936035
4,1,0.01,1,198636,True,True,0.96*exp(-0.34*t)*cos(t),-exp(-pi*t**(5*pi/8)/3) + exp(-pi*t/10)*cos(t + pi/10),exp(-pi*t/10 + t**(5*pi/8))*cos(t + pi/10),False,False,False,,False,,0,0.994758748225633,False,0.9789122818406704,False,python classbench_run.py -i 4 -t 1 -n 0.010000 -r 1,CR_4_1_1_0.010000,3.128883123397827
4,1,0.01,10,199637,True,True,t*(cos(3.17*t*exp(-t) + 2) + 0.3) + 1.04,-exp(-pi*t**(5*pi/8)/3) + exp(-pi*t/10)*cos(t),exp(-pi*t/10 + t**(5*pi/8))*cos(t),False,False,False,,False,,0,0.932655989778605,False,0.9924880876929992,False,python classbench_run.py -i 4 -t 1 -n 0.010000 -r 10,CR_4_1_10_0.010000,1.9151198863983152
4,1,0.1,1,198310,True,True,0.97*exp(-0.34*t)*cos(t),-exp(-pi*t**(5*pi/8)/3) + exp(-pi*t/10)*cos(t + pi/10),exp(-pi*t/10 + t**(5*pi/8))*cos(t + pi/10),False,False,False,,False,,0,0.9931114569053434,False,0.9937463564473352,False,python classbench_run.py -i 4 -t 1 -n 0.100000 -r 1,CR_4_1_1_0.100000,1.6077661514282229
4,1,0.1,10,199488,True,True,cos(t)/(exp(0.09*t**2) + 0.18),-exp(-pi*t**(5*pi/8)/3) + exp(-pi*t/10)*cos(t),exp(-pi*t/10 + t**(5*pi/8))*cos(t),False,False,False,,False,,0,0.8801568435122279,False,0.9719891824481224,False,python classbench_run.py -i 4 -t 1 -n 0.100000 -r 10,CR_4_1_10_0.100000,2.292872905731201
4,2,0.0,1,198253,True,True,-t**3*exp(-1.1*t) - 0.08*t + 0.92,-exp(-pi*t**(5*pi/8)/3) + exp(-pi*t/10)*sin(t + 2*pi/5),exp(-pi*t/10 + t**(5*pi/8))*sin(t + 2*pi/5),False,False,False,,False,,0,0.9922558518046732,False,0.9942995973751902,False,python classbench_run.py -i 4 -t 2 -n 0.000000 -r 1,CR_4_2_1_0.000000,1.4367730617523191
4,2,0.0,10,199615,True,True,1.06*((0.22 + exp(-0.13*t**2))**2 - 0.44)**2 - 0.24,-exp(-4*pi*t/9) + exp(-pi*t/10)*cos(2*pi*t/9 + pi/10),exp(pi*t/3)*cos(pi*(2*t/9 + 1/10)),False,False,False,,False,,0,0.8790506797650276,False,0.9736635300510604,False,python classbench_run.py -i 4 -t 2 -n 0.000000 -r 10,CR_4_2_10_0.000000,2.2377426624298096
4,2,0.001,1,199701,True,True,-t**3*exp(-1.11*t) - 0.1*t + 0.96,-exp(-3*pi*t/8) + exp(-pi*t/10)*sin(t + 2*pi/5),exp(2*pi*t/7)*sin(t + 2*pi/5),False,False,False,,False,,0,0.9947169720664332,False,0.9935292722333532,False,python classbench_run.py -i 4 -t 2 -n 0.001000 -r 1,CR_4_2_1_0.001000,1.4212050437927246
4,2,0.001,10,199377,True,True,3.48*(0.37 - exp(-0.11*t**2))**2 - 0.43,-exp(-4*pi*t/9) + exp(-pi*t/10)*cos(2*pi*t/9 + pi/10),exp(pi*t/3)*cos(pi*(2*t/9 + 1/10)),False,False,False,,False,,0,0.91615904009137,False,0.9724111416500694,False,python classbench_run.py -i 4 -t 2 -n 0.001000 -r 10,CR_4_2_10_0.001000,1.7853312492370603
4,2,0.01,1,198106,True,True,0.99 - exp(0.99*cos(0.99*t - 3.44)/t),-exp(-3*pi*t/8) + exp(-pi*t/10)*sin(t + 2*pi/5),exp(2*pi*t/7)*sin(t + 2*pi/5),False,False,False,,False,,0,0.9820703344990916,False,-3.554447847992596,False,python classbench_run.py -i 4 -t 2 -n 0.010000 -r 1,CR_4_2_1_0.010000,1.685894250869751
4,2,0.01,10,199413,True,True,2.61*(0.34 - exp(-0.12*t**2))**2 - 0.26,-exp(-4*pi*t/9) + exp(-pi*t/10)*cos(2*pi*t/9 + pi/10),exp(pi*t/3)*cos(pi*(2*t/9 + 1/10)),False,False,False,,False,,0,0.91483329467194,False,0.9885844711987084,False,python classbench_run.py -i 4 -t 2 -n 0.010000 -r 10,CR_4_2_10_0.010000,2.2262651920318604
4,2,0.1,1,199300,True,True,cos(t*(0.17 + exp(-t*(0.06*t + 0.09)))),,,,,,Unknown error,False,,-1,0.9910329108210684,False,0.996311065307528,False,python classbench_run.py -i 4 -t 2 -n 0.100000 -r 1,CR_4_2_1_0.100000,2.0042271614074707
4,2,0.1,10,198099,True,True,cos(4.13 - 2.89*exp(-0.13*t**2)) + 0.6,,,,,,Unknown error,False,,-1,0.9296765197988984,False,0.9536166795045912,False,python classbench_run.py -i 4 -t 2 -n 0.100000 -r 10,CR_4_2_10_0.100000,2.115911960601806
4,3,0.0,1,199912,True,True,0.86*log(1 + cos(1.05*t + 0.21/t)/t),-0.3*cos(t) + exp(-pi*t/10)*cos(t + pi/10),3.5*exp(-pi*t/10)*cos(t + pi/10)/cos(t),False,False,False,,False,,0,0.4932788779726544,False,0.8738408560061621,False,python classbench_run.py -i 4 -t 3 -n 0.000000 -r 1,CR_4_3_1_0.000000,3.604282140731811
4,3,0.0,10,198480,True,True,1.92*(-0.21 + exp(-0.62*t))**0.5 - 0.78,-exp(-3*pi*t/8) + exp(-pi*t/10)*cos(pi*t/4),exp(2*pi*t/7)*cos(pi*t/4),False,False,False,,False,,0,0.8692639013784779,False,0.9455131716466592,False,python classbench_run.py -i 4 -t 3 -n 0.000000 -r 10,CR_4_3_10_0.000000,1.909956932067871
4,3,0.001,1,199000,True,True,-1.07*cos(1.13*t - 3.69 + 0.51/(0.45*t + 0.2))/t,-0.3*cos(t) + exp(-pi*t/10)*cos(t + pi/10),3.5*exp(-pi*t/10)*cos(t + pi/10)/cos(t),False,False,False,,False,,0,-172.83358013236014,False,0.7126948598381155,False,python classbench_run.py -i 4 -t 3 -n 0.001000 -r 1,CR_4_3_1_0.001000,3.912137985229492
4,3,0.001,10,199360,True,True,-exp(-0.36*t)*sin(t - 1.35),-exp(-pi*t/8)*cos(t + pi/10) + exp(-pi*t/10)*cos(t + pi/10),1,False,False,True,,True,-exp(-0.4*t)*sin(t - 1.3),6,0.9596075661216312,False,,False,python classbench_run.py -i 4 -t 3 -n 0.001000 -r 10,CR_4_3_10_0.001000,3.3864760398864746
4,3,0.01,1,199258,True,True,0.87/(1.09*t/cos(1.09*t) + 0.7),-0.3*cos(t) + exp(-pi*t/10)*cos(t + pi/10),3.5*exp(-pi*t/10)*cos(t + pi/10)/cos(t),False,False,False,,False,,0,0.9835555204048252,False,0.9887989903171962,False,python classbench_run.py -i 4 -t 3 -n 0.010000 -r 1,CR_4_3_1_0.010000,9.176771879196169
4,3,0.01,10,198463,True,True,-sin(t*(0.78 - 2.15*exp(-0.78*t)))/t,-exp(-pi*t**(5*pi/8)/3) + exp(-pi*t/10)*cos(pi*t/4),exp(-pi*t/10 + t**(5*pi/8))*cos(pi*t/4),False,False,False,,False,,0,0.9555732633951416,False,0.9849117005287849,False,python classbench_run.py -i 4 -t 3 -n 0.010000 -r 10,CR_4_3_10_0.010000,2.0317327976226807
4,3,0.1,1,199011,True,True,1/(1.23*t/cos(t + 0.22) + 0.8),,,,,,Unknown error,False,,-1,0.9828286554013196,False,0.9907351835306836,False,python classbench_run.py -i 4 -t 3 -n 0.100000 -r 1,CR_4_3_1_0.100000,7.873114824295044
4,3,0.1,10,198782,True,True,sin(t*exp(-0.14*t) + 2.91) + 0.76,,,,,,Unknown error,False,,-1,0.8663003843850716,False,-1.935940928383764,False,python classbench_run.py -i 4 -t 3 -n 0.100000 -r 10,CR_4_3_10_0.100000,3.8263537883758545
4,4,0.0,1,198665,True,True,5.91*cos(1.4*t)/(4.91*t + 5.26),-exp(-5*pi*t/7) + exp(-pi*t/10)*cos(4*pi*t/9),exp(5*pi*t/8)*cos(4*pi*t/9),False,False,False,,False,,0,0.9679986096891676,False,0.9724551136098352,False,python classbench_run.py -i 4 -t 4 -n 0.000000 -r 1,CR_4_4_1_0.000000,1.6585259437561035
4,4,0.0,10,199307,True,True,(1.02 - t)*exp(-t*(0.45*t - 0.49)),-exp(-pi*t/8)*cos(t) + exp(-pi*t/10)*cos(t),1,False,False,True,,True,exp(-0.4*t)*cos(t),5,0.885314310019748,False,0.9988899974687472,False,python classbench_run.py -i 4 -t 4 -n 0.000000 -r 10,CR_4_4_10_0.000000,1.2115001678466797
4,4,0.001,1,198344,True,True,5.91*cos(1.4*t)/(4.91*t + 5.26),-exp(-5*pi*t/7) + exp(-pi*t/10)*cos(4*pi*t/9),exp(5*pi*t/8)*cos(4*pi*t/9),False,False,False,,False,,0,0.968001857543975,False,0.9679479267682782,False,python classbench_run.py -i 4 -t 4 -n 0.001000 -r 1,CR_4_4_1_0.001000,1.6652960777282717
4,4,0.001,10,198873,True,True,(1.0 - 0.816*t)*exp(-0.02*t**4),-exp(-pi*t/8)*cos(t) + exp(-pi*t/10)*cos(t),1,False,False,True,,True,exp(-0.4*t)*cos(t),5,0.9047091487395656,False,0.993191314488767,False,python classbench_run.py -i 4 -t 4 -n 0.001000 -r 10,CR_4_4_10_0.001000,1.2830021381378174
4,4,0.01,1,198565,True,True,-(t - 1)*exp(-0.09*t**3) + 0.05,-exp(-5*pi*t/7) + exp(-pi*t/10)*cos(4*pi*t/9),exp(5*pi*t/8)*cos(4*pi*t/9),False,False,False,,False,,0,0.9092115574006971,False,0.920102079578691,False,python classbench_run.py -i 4 -t 4 -n 0.010000 -r 1,CR_4_4_1_0.010000,1.3714380264282229
4,4,0.01,10,198064,True,True,-(0.07 - exp(-0.36*t))*cos(t + 0.57),-exp(-pi*t/8)*cos(t + pi/10) + exp(-pi*t/10)*cos(t + pi/10),1,False,False,True,,True,exp(-0.4*t)*cos(t + 0.2),8,0.9520624973541636,False,0.9987579355280268,False,python classbench_run.py -i 4 -t 4 -n 0.010000 -r 10,CR_4_4_10_0.010000,2.1389479637145996
4,4,0.1,1,198801,True,True,5.94*cos(1.4*t)/(4.94*t + 5.21),-exp(-5*pi*t/7) + exp(-pi*t/10)*cos(4*pi*t/9),exp(5*pi*t/8)*cos(4*pi*t/9),False,False,False,,False,,0,0.967977578487844,False,0.9703469665154556,False,python classbench_run.py -i 4 -t 4 -n 0.100000 -r 1,CR_4_4_1_0.100000,1.692476749420166
4,4,0.1,10,199646,True,True,sin(t + 2.09)/(1.09*t + exp(0.29*t)),-exp(-pi*t**(5*pi/8)/3) + exp(-pi*t/10)*cos(2*pi*t/5),exp(-pi*t/10 + t**(5*pi/8))*cos(2*pi*t/5),False,False,False,,False,,0,0.8950868952227181,False,0.9882866034903026,False,python classbench_run.py -i 4 -t 4 -n 0.100000 -r 10,CR_4_4_10_0.100000,1.730691909790039
5,0,0.0,1,198995,True,True,1/(exp(1.85*nu) - 1),0,1,True,True,True,,True,1/(exp(1.85*nu) - 1),9,0.9999999999819384,True,0.9999999995365724,True,python classbench_run.py -i 5 -t 0 -n 0.000000 -r 1,CR_5_0_1_0.000000,1.415982723236084
5,0,0.0,10,199117,True,True,0.81*exp(-1.81*nu + 0.35/nu),0,1,True,True,True,,True,1/(exp(1.85*nu) - 1),10,0.999997734736852,True,0.9999974863518148,True,python classbench_run.py -i 5 -t 0 -n 0.000000 -r 10,CR_5_0_10_0.000000,1.6825940608978271
5,0,0.001,1,198831,True,True,1.0/(exp(1.85*nu) - 1),0,1,True,True,True,,True,1.0/(exp(1.85*nu) - 1),8,0.9999999441868505,True,0.999999999906046,True,python classbench_run.py -i 5 -t 0 -n 0.001000 -r 1,CR_5_0_1_0.001000,1.7085161209106443
5,0,0.001,10,199095,True,True,1.0/(exp(1.85*nu) - 1),0,1,True,True,True,,True,1.0/(exp(1.85*nu) - 1),8,0.9999998533782792,True,0.999999999949087,True,python classbench_run.py -i 5 -t 0 -n 0.001000 -r 10,CR_5_0_10_0.001000,1.406951904296875
5,0,0.01,1,198379,True,True,2.17*(nu*(0.98 - exp(-1.22/nu)) - 0.98)**2,1/(exp(8*pi*nu/7) - exp(4*pi*nu/7)),exp(4*pi*nu/7)/(exp(4*pi*nu/7) - 1),False,False,False,,False,,0,0.9999901047555084,True,0.999997370176592,True,python classbench_run.py -i 5 -t 0 -n 0.010000 -r 1,CR_5_0_1_0.010000,1.9562177658081057
5,0,0.01,10,199188,True,True,1/(0.98*exp(1.86*nu) - 0.96),0,1,True,True,True,,True,1/(exp(4.5*nu) - 1),8,0.99999659619601,True,0.9999999972624272,True,python classbench_run.py -i 5 -t 0 -n 0.010000 -r 10,CR_5_0_10_0.010000,1.832679748535156
5,0,0.1,1,199910,True,True,1/(exp(1.8*nu) - 0.84),1/(exp(8*pi*nu/7) - exp(4*pi*nu/7)),exp(4*pi*nu/7)/(exp(4*pi*nu/7) - 1),False,False,False,,False,,0,0.999275538821784,True,0.9999999728697216,True,python classbench_run.py -i 5 -t 0 -n 0.100000 -r 1,CR_5_0_1_0.100000,3.336750745773315
5,0,0.1,10,198674,True,True,1/(0.75*exp(1.93*nu + 0.33/nu) - 1.93),1/(exp(18*pi*nu/7) - exp(9*pi*nu/7)),exp(9*pi*nu/7)/(exp(9*pi*nu/7) - 1),False,False,False,,False,,0,0.999719757394446,True,0.999999611086755,True,python classbench_run.py -i 5 -t 0 -n 0.100000 -r 10,CR_5_0_10_0.100000,1.9989440441131592
5,1,0.0,1,198447,True,True,1/(exp(2.21*nu) - 1),0,1,True,True,True,,True,1/(exp(2.21*nu) - 1),8,0.9999999999674112,True,0.9999999998100856,True,python classbench_run.py -i 5 -t 1 -n 0.000000 -r 1,CR_5_1_1_0.000000,1.4721500873565674
5,1,0.0,10,199180,True,True,1/(exp(2.21*nu) - 1),0,1,True,True,True,,True,1/(exp(2.21*nu) - 1),8,0.9999998967202504,True,0.9999999940401648,True,python classbench_run.py -i 5 -t 1 -n 0.000000 -r 10,CR_5_1_10_0.000000,1.4868228435516355
5,1,0.001,1,198976,True,True,1/(exp(2.21*nu) - 1.02),0,1,True,True,True,,True,1/(exp(2.2201*nu) - 1),5,0.9999999135088514,True,0.9999999999825796,True,python classbench_run.py -i 5 -t 1 -n 0.001000 -r 1,CR_5_1_1_0.001000,1.3064100742340088
5,1,0.001,10,198895,True,True,1/(exp(2.21*nu) - 1),0,1,True,True,True,,True,1/(exp(2.21*nu) - 1),6,0.9999997877732844,True,0.999999999766895,True,python classbench_run.py -i 5 -t 1 -n 0.001000 -r 10,CR_5_1_10_0.001000,1.4655771255493164
5,1,0.01,1,198079,True,True,-sin(1/(nu - 1.16*exp(2.15*nu) + 0.77)),0,1,True,True,True,,True,1/(exp(2.21*nu) - 1),5,0.9999925392669876,True,0.9999999996170764,True,python classbench_run.py -i 5 -t 1 -n 0.010000 -r 1,CR_5_1_1_0.010000,1.7812011241912842
5,1,0.01,10,198023,True,True,1/(exp(2.21*nu) - 0.99),0,1,True,True,True,,True,1/(exp(2.2*nu) - 1),6,0.9999970813368612,True,0.9999999996688616,True,python classbench_run.py -i 5 -t 1 -n 0.010000 -r 10,CR_5_1_10_0.010000,1.3007140159606934
5,1,0.1,1,198009,True,True,cos(1.55884572681199*(exp(-1/(2*nu - 1.28)) + 0.613168724279835/nu)**0.5),-exp(-2*pi*nu/3) + 1/(exp(7*pi*nu/10) - 1),exp(2*pi*nu/3)/(exp(7*pi*nu/10) - 1),False,False,False,,False,,0,0.99899110781361,False,0.9998501270143224,True,python classbench_run.py -i 5 -t 1 -n 0.100000 -r 1,CR_5_1_1_0.100000,2.7574868202209473
5,1,0.1,10,199227,True,True,1.22/(nu + exp(2.31*nu) - 1.33),0,1,True,True,True,,True,1/(exp(1.8*nu) - 0.9),4,0.9996373726025728,True,0.9999999973824382,True,python classbench_run.py -i 5 -t 1 -n 0.100000 -r 10,CR_5_1_10_0.100000,1.3972890377044678
5,2,0.0,1,198713,True,True,1/(exp(2.15*nu) - 1),0,1,True,True,True,,True,1/(exp(2.15*nu) - 1),7,0.9999999999696414,True,0.999999999873476,True,python classbench_run.py -i 5 -t 2 -n 0.000000 -r 1,CR_5_2_1_0.000000,1.6599149703979492
5,2,0.0,10,198004,True,True,1/(1.02*exp(2.14*nu) - 0.98),0,1,True,True,True,,True,1/(0.9*exp(3.2*nu) - 1.1),6,0.9999904400988612,True,0.999999996974564,True,python classbench_run.py -i 5 -t 2 -n 0.000000 -r 10,CR_5_2_10_0.000000,1.567444086074829
5,2,0.001,1,198992,True,True,1/(exp(2.15*nu) - 1),0,1,True,True,True,,True,1/(exp(2.15*nu) - 1),11,0.9999999789635936,True,0.9999999999993296,True,python classbench_run.py -i 5 -t 2 -n 0.001000 -r 1,CR_5_2_1_0.001000,1.3321819305419922
5,2,0.001,10,198230,True,True,1/(exp(2.15*nu) - 1),0,1,True,True,True,,True,1/(exp(2.15*nu) - 1),4,0.9999932064171768,True,0.999999871300544,True,python classbench_run.py -i 5 -t 2 -n 0.001000 -r 10,CR_5_2_10_0.001000,0.984154224395752
5,2,0.01,1,198580,True,True,0.13/(0.14*exp(2.13*nu) - 0.15),-exp(-5*pi*nu/8) + 1/(exp(7*pi*nu/10) - 1),exp(5*pi*nu/8)/(exp(7*pi*nu/10) - 1),False,False,False,,False,,0,0.9999963186815506,True,0.999999999879038,True,python classbench_run.py -i 5 -t 2 -n 0.010000 -r 1,CR_5_2_1_0.010000,1.8592290878295896
5,2,0.01,10,199930,True,True,1/(exp(2.15*nu) - 1),0,1,True,True,True,,True,1/(exp(2.15*nu) - 1),6,0.9999793706658896,True,0.9999999595238688,True,python classbench_run.py -i 5 -t 2 -n 0.010000 -r 10,CR_5_2_10_0.010000,1.3890581130981443
5,2,0.1,1,199936,True,True,0.3*exp((0.97 - 1.746*nu**2)/nu),-exp(-5*pi*nu/8) + 1/(exp(7*pi*nu/10) - 1),exp(5*pi*nu/8)/(exp(7*pi*nu/10) - 1),False,False,False,,False,,0,0.999512291024212,True,0.999772361071509,True,python classbench_run.py -i 5 -t 2 -n 0.100000 -r 1,CR_5_2_1_0.100000,2.4024460315704346
5,2,0.1,10,198709,True,True,1.65513919863124*exp(-nu*(2.7 - 0.16*nu)),0,1,True,True,True,,True,1.0/(exp(1.2*nu) - 1),6,0.9995267601379724,True,0.9999999999141898,True,python classbench_run.py -i 5 -t 2 -n 0.100000 -r 10,CR_5_2_10_0.100000,1.5940601825714111
5,3,0.0,1,198663,True,True,1/(exp(1.84*nu) - 1),0,1,True,True,True,,True,1/(exp(1.84*nu) - 1),9,0.9999999999824248,True,0.9999999999431824,True,python classbench_run.py -i 5 -t 3 -n 0.000000 -r 1,CR_5_3_1_0.000000,1.3567290306091309
5,3,0.0,10,198960,True,True,1/(exp(1.84*nu) - 1),0,1,True,True,True,,True,1/(exp(1.84*nu) - 1),6,0.999999715938946,True,0.9999999999720732,True,python classbench_run.py -i 5 -t 3 -n 0.000000 -r 10,CR_5_3_10_0.000000,1.220653057098389
5,3,0.001,1,198466,True,True,log(1 + 1/(exp(1.84*nu) - 1.49)),0,1,True,True,True,,True,1.0/(exp(1.84*nu) - 1),5,0.9999999098275414,True,0.9999999996132192,True,python classbench_run.py -i 5 -t 3 -n 0.001000 -r 1,CR_5_3_1_0.001000,1.4077141284942627
5,3,0.001,10,199355,True,True,1/(exp(1.84*nu) - 1),0,1,True,True,True,,True,1/(exp(1.84*nu) - 1),9,0.999999340041282,True,0.999999996533272,True,python classbench_run.py -i 5 -t 3 -n 0.001000 -r 10,CR_5_3_10_0.001000,2.0316851139068604
5,3,0.01,1,198069,True,True,-1.17/(nu - 1.13*exp(1.86*nu) - 1.75 + 1.86/nu),0,1,True,True,True,,True,1/(exp(1.84*nu) - 1),4,0.9999736206297708,True,0.9999999998600568,True,python classbench_run.py -i 5 -t 3 -n 0.010000 -r 1,CR_5_3_1_0.010000,1.625638723373413
5,3,0.01,10,198578,True,True,1.0/(exp(1.84*nu) - 1),0,1,True,True,True,,True,1/(exp(1.84*nu) - 1),6,0.999999360358898,True,0.9999999999995364,True,python classbench_run.py -i 5 -t 3 -n 0.010000 -r 10,CR_5_3_10_0.010000,0.8992860317230225
5,3,0.1,1,199799,True,True,25.1122092114605*exp(-2.52*nu - 5.0416/nu + 2.74/nu**2),1/(exp(8*pi*nu/7) - exp(4*pi*nu/7)),exp(4*pi*nu/7)/(exp(4*pi*nu/7) - 1),False,False,False,,False,,0,0.998968171900076,False,0.999754155318629,True,python classbench_run.py -i 5 -t 3 -n 0.100000 -r 1,CR_5_3_1_0.100000,2.296773672103882
5,3,0.1,10,198417,True,True,1/(1.07*exp(1.8*nu) - 1.14),0,1,True,True,True,,True,1/(exp(1.8*nu) - 1.1),9,0.9998448871119708,True,0.9999999977903412,True,python classbench_run.py -i 5 -t 3 -n 0.100000 -r 10,CR_5_3_10_0.100000,1.747777223587036
5,4,0.0,1,199734,True,True,1.0/(exp(1.21*nu) - 1),0,1,True,True,True,,True,1.0/(exp(1.21*nu) - 1),11,0.9999999999941672,True,0.9999999999783816,True,python classbench_run.py -i 5 -t 4 -n 0.000000 -r 1,CR_5_4_1_0.000000,1.5718629360198977
5,4,0.0,10,198723,True,True,1.0/(exp(1.21*nu) - 1),0,1,True,True,True,,True,1.0/(exp(1.21*nu) - 1),9,0.9999989969161048,True,0.9999999999843172,True,python classbench_run.py -i 5 -t 4 -n 0.000000 -r 10,CR_5_4_10_0.000000,1.8799500465393064
5,4,0.001,1,199527,True,True,1/(exp(1.21*nu) - 1),0,1,True,True,True,,True,1/(exp(1.21*nu) - 1),11,0.9999999949106928,True,0.8264411274241003,False,python classbench_run.py -i 5 -t 4 -n 0.001000 -r 1,CR_5_4_1_0.001000,12.155933856964111
5,4,0.001,10,199037,True,True,1/(exp(1.21*nu) - 1),0,1,True,True,True,,True,1/(exp(1.21*nu) - 1),14,0.9999995900744716,True,0.9999999999817106,True,python classbench_run.py -i 5 -t 4 -n 0.001000 -r 10,CR_5_4_10_0.001000,1.4041509628295898
5,4,0.01,1,199618,True,True,exp(-1.22*nu + 0.38/(nu*(nu - 0.25 - 0.65*(0.17 - 0.65/nu)/nu))),0,1,True,True,True,,True,1/(exp(1.21*nu) - 1),6,0.9999973800558762,True,0.9999999990231224,True,python classbench_run.py -i 5 -t 4 -n 0.010000 -r 1,CR_5_4_1_0.010000,2.1056511402130127
5,4,0.01,10,199259,True,True,0.81*exp(-1.19*nu + 0.55/nu),,,,,,Unknown error,False,,-1,0.9999936441004068,True,0.9999994953838464,True,python classbench_run.py -i 5 -t 4 -n 0.010000 -r 10,CR_5_4_10_0.010000,1.8285062313079832
5,4,0.1,1,198121,True,True,-nu/(1.32*nu + 4.94 - 1.32*exp(1.88*nu)/nu),-exp(-pi*nu/3) + 1/(exp(3*pi*nu/8) - 1),exp(nu)/(exp(3*pi*nu/8) - 1),False,False,False,,False,,0,0.9999132061823378,True,0.9999682457157484,True,python classbench_run.py -i 5 -t 4 -n 0.100000 -r 1,CR_5_4_1_0.100000,2.448655128479004
5,4,0.1,10,198671,True,True,1.86*exp(0.35*nu*(0.35*nu - 9.1))**0.5,-exp(-3*pi*nu/8) + 1/(exp(4*pi*nu/9) - 1),exp(3*pi*nu/8)/(exp(4*pi*nu/9) - 1),False,False,False,,False,,0,0.9994283331158156,True,0.9999906431069806,True,python classbench_run.py -i 5 -t 4 -n 0.100000 -r 10,CR_5_4_10_0.100000,2.387317180633545
6,0,0.0,1,199472,True,True,26.57*T/V,0,1,True,True,True,,True,26.57*T/V,8,1.0,True,1.0,True,python classbench_run.py -i 6 -t 0 -n 0.000000 -r 1,CR_6_0_1_0.000000,1.2053959369659424
6,0,0.0,10,199619,True,True,26.57*T/V,0,1,True,True,True,,True,26.57*T/V,9,1.0,True,1.0,True,python classbench_run.py -i 6 -t 0 -n 0.000000 -r 10,CR_6_0_10_0.000000,0.8033847808837891
6,0,0.001,1,199827,True,True,26.58*T/V - 0.01,0.01,1,True,True,True,,True,26.58*T/V - 0.01,7,0.9999996574343124,True,0.9999999999999998,True,python classbench_run.py -i 6 -t 0 -n 0.001000 -r 1,CR_6_0_1_0.001000,2.297828912734986
6,0,0.001,10,198009,True,True,26.5653767443616*T/V,0,1,True,True,True,,True,26.57*T/V,11,0.9999999352007264,True,0.999999999999188,True,python classbench_run.py -i 6 -t 0 -n 0.001000 -r 10,CR_6_0_10_0.001000,1.8953638076782229
6,0,0.01,1,198182,True,True,0,0,1,True,True,True,,True,26.5915450122808*T/V,2,0.9999802012400892,True,0.999999902489711,True,python classbench_run.py -i 6 -t 0 -n 0.010000 -r 1,CR_6_0_1_0.010000,6.720327138900757
6,0,0.01,10,198638,True,True,0.0585823081429408*(453.8913*T**2 - 453.8913*T - 0.11)/(V*(T - 1)),-0.66*T/V,0.98,False,False,True,,True,(27.234*T**2 - 27.234*T - 0.0066)/(V*(T - 1)),9,0.999726440066466,True,1.0,True,python classbench_run.py -i 6 -t 0 -n 0.010000 -r 10,CR_6_0_10_0.010000,0.6997299194335938
6,0,0.1,1,199141,True,True,26.39*(T - 0.05/(V*(20.19*V - 21.03)))/V,0.52*T/V,1.02,False,False,True,,True,26.05*T/V,1,0.8713848585537503,False,1.0,True,python classbench_run.py -i 6 -t 0 -n 0.100000 -r 1,CR_6_0_1_0.100000,0.085071325302124
6,0,0.1,10,199083,True,True,26.33*(T + 0.08*(T - 1.96/T)/T)/V,-0.2*T/V,1,False,False,True,,True,26.77*T/V,1,0.9992444999045684,True,1.0,True,python classbench_run.py -i 6 -t 0 -n 0.100000 -r 10,CR_6_0_10_0.100000,0.0905768871307373
6,1,0.0,1,199153,True,True,22.18*T/V,0,1,True,True,True,,True,22.18*T/V,5,1.0,True,1.0,True,python classbench_run.py -i 6 -t 1 -n 0.000000 -r 1,CR_6_1_1_0.000000,0.3581690788269043
6,1,0.0,10,199656,True,True,22.18*T/V,0,1,True,True,True,,True,22.18*T/V,7,0.9999999999999986,True,1.0,True,python classbench_run.py -i 6 -t 1 -n 0.000000 -r 10,CR_6_1_10_0.000000,0.7720630168914795
6,1,0.001,1,199329,True,True,22.19*T/V,0,1,True,True,True,,True,22.19*T/V,7,0.9999998987326462,True,1.0,True,python classbench_run.py -i 6 -t 1 -n 0.001000 -r 1,CR_6_1_1_0.001000,1.5321271419525146
6,1,0.001,10,198994,True,True,22.2574*T/V - 0.0604/(T*V**2),0.04*T/V,1,False,False,True,,True,22.1371*T/V,5,0.9999999038806964,True,0.9999999999999998,True,python classbench_run.py -i 6 -t 1 -n 0.001000 -r 10,CR_6_1_10_0.001000,0.905980110168457
6,1,0.01,1,199174,True,True,(22.21*T + 0.2221*cos(T))/V,0,1,True,True,True,,True,22.17*T/V,6,0.9999903075051348,True,1.0,True,python classbench_run.py -i 6 -t 1 -n 0.010000 -r 1,CR_6_1_1_0.010000,0.8793628215789795
6,1,0.01,10,199019,True,True,22.28*T/V - 0.43/V + 0.1/T**2,-0.08*T/V,1,False,False,True,,True,22.26*T**2/(V*(T + 0.02)),4,0.9999921977087236,True,0.999999999999996,True,python classbench_run.py -i 6 -t 1 -n 0.010000 -r 10,CR_6_1_10_0.010000,1.066925048828125
6,1,0.1,1,198799,True,True,T*(22.19 - 6.99/(0.14*T*(-105.74*T + 10.28*V + 6.99) + V + 10.28))/V,-0.28*T/V,0.99,False,False,True,,True,22.4620208147107*T/V,3,0.9635556709024802,False,1.0,True,python classbench_run.py -i 6 -t 1 -n 0.100000 -r 1,CR_6_1_1_0.100000,0.6836490631103516
6,1,0.1,10,198652,True,True,5.58*(4.17*T - 0.87 + 0.24/(T*(T - 0.75) + 0.13))/V,0.87*T/V,1.05,False,False,True,,True,-21.31*T/(0.01*T - V),3,0.9990578769504684,True,1.0,True,python classbench_run.py -i 6 -t 1 -n 0.100000 -r 10,CR_6_1_10_0.100000,0.7863209247589111
6,2,0.0,1,199419,True,True,22.81*T/V,0,1,True,True,True,,True,22.81*T/V,4,1.0,True,1.0,True,python classbench_run.py -i 6 -t 2 -n 0.000000 -r 1,CR_6_2_1_0.000000,0.4329071044921875
6,2,0.0,10,199045,True,True,22.81*T/V,0,1,True,True,True,,True,22.81*T/V,8,0.9999999999999996,True,1.0,True,python classbench_run.py -i 6 -t 2 -n 0.000000 -r 10,CR_6_2_10_0.000000,0.6202239990234375
6,2,0.001,1,199244,True,True,22.81*T/V,-2.2*T/V,0.91,False,False,True,,True,25.0*T/V,7,0.999999900790326,True,0.999999999999232,True,python classbench_run.py -i 6 -t 2 -n 0.001000 -r 1,CR_6_2_1_0.001000,1.637462139129639
6,2,0.001,10,199139,True,True,0,0.03*T/V,1,False,False,True,,True,(22.8*T + 0.02)/V,7,0.9999998580076476,True,0.9999999990972668,True,python classbench_run.py -i 6 -t 2 -n 0.001000 -r 10,CR_6_2_10_0.001000,6.295291900634766
6,2,0.01,1,199325,True,True,2.14*T*(T + 1.46 + 315.59/(1.46*T**2 + 37.65))/V,0,1,True,True,True,,True,22.81*T/V,5,0.9999669134791592,True,1.0,True,python classbench_run.py -i 6 -t 2 -n 0.010000 -r 1,CR_6_2_1_0.010000,1.2979018688201904
6,2,0.01,10,198998,True,True,(0.99*T*(0.01*T + 23.04) + 0.1089)/V,0.04*T/V,1,False,False,True,,True,0.01*T + 22.77*T/V + 0.02/(T*V),7,0.9999819537215416,True,1.0,True,python classbench_run.py -i 6 -t 2 -n 0.010000 -r 10,CR_6_2_10_0.010000,0.7454040050506592
6,2,0.1,1,198887,True,True,(22.63*T + 0.2263)/V,0.22,22.81*T/(22.78*T - 0.22*V),False,True,False,,True,22.78*T/V - 0.22,4,0.9903575799557572,False,0.9999999999999992,True,python classbench_run.py -i 6 -t 2 -n 0.100000 -r 1,CR_6_2_1_0.100000,0.4964210987091064
6,2,0.1,10,198272,True,True,22.6195104956202*T/V,0.19*T/V,1,False,False,True,,True,22.6182*T/V,9,0.9983498134673972,False,1.0,True,python classbench_run.py -i 6 -t 2 -n 0.100000 -r 10,CR_6_2_10_0.100000,3.7384378910064697
6,3,0.0,1,199345,True,True,26.6042*T/V,0,1,True,True,True,,True,26.6042*T/V,5,0.9999999999999996,True,1.0,True,python classbench_run.py -i 6 -t 3 -n 0.000000 -r 1,CR_6_3_1_0.000000,0.6537878513336182
6,3,0.0,10,198741,True,True,26.63*T/V,0,1,True,True,True,,True,26.63*T/V,7,0.9999999999999998,True,1.0,True,python classbench_run.py -i 6 -t 3 -n 0.000000 -r 10,CR_6_3_10_0.000000,0.7637228965759277
6,3,0.001,1,199891,True,True,26.6*T/V + 0.0399999999999991,0,1,True,True,True,,True,26.64*T/V,6,0.9999997887788415,True,0.9999999999999304,True,python classbench_run.py -i 6 -t 3 -n 0.001000 -r 1,CR_6_3_1_0.001000,1.6903181076049805
6,3,0.001,10,198926,True,True,26.62*T/V - 0.01,0,1,True,True,True,,True,26.62*T/V - 0.01 + 0.03/V + 0.01/(T**2*V),6,0.9999999093345476,True,0.9999999999999998,True,python classbench_run.py -i 6 -t 3 -n 0.001000 -r 10,CR_6_3_10_0.001000,1.223160982131958
6,3,0.01,1,198818,True,True,0.36 + 26.29*(T + 0.04)/V - 0.83/T,0,1,True,True,True,,True,26.63*T/V,1,0.9999762249717972,True,1.0,True,python classbench_run.py -i 6 -t 3 -n 0.010000 -r 1,CR_6_3_1_0.010000,0.0709161758422851
6,3,0.01,10,198953,True,True,-T*(0.03 - 2638.24/(V*(99.33 - 1.05/T))),0.05*T/V,1,False,False,True,,True,(26.58*T + 0.02)/V,5,0.999990608404411,True,-2.311323643155925,False,python classbench_run.py -i 6 -t 3 -n 0.010000 -r 10,CR_6_3_10_0.010000,0.865570068359375
6,3,0.1,1,198283,True,True,24.34*T/V - V + 8.33 - 5.9/T,-0.04*T/V,1,False,False,True,,True,26.67*T/V,2,0.9981641465287072,False,1.0,True,python classbench_run.py -i 6 -t 3 -n 0.100000 -r 1,CR_6_3_1_0.100000,0.4557104110717773
6,3,0.1,10,198896,True,True,1.0*(25.2748*T*V + 0.1074*T + 4.0275)/V**2,1.18*T/V,1.05,False,False,True,,True,25.441991775283*T/V,4,0.9987760746842248,False,1.0,True,python classbench_run.py -i 6 -t 3 -n 0.100000 -r 10,CR_6_3_10_0.100000,0.9546172618865968
6,4,0.0,1,199317,True,True,40.47*T/V,0,1,True,True,True,,True,40.47*T/V,6,0.9999999999999992,True,1.0,True,python classbench_run.py -i 6 -t 4 -n 0.000000 -r 1,CR_6_4_1_0.000000,1.117755889892578
6,4,0.0,10,199222,True,True,40.47*T/V,0,1,True,True,True,,True,40.47*T/V,7,0.9999999999999998,True,1.0,True,python classbench_run.py -i 6 -t 4 -n 0.000000 -r 10,CR_6_4_10_0.000000,0.6739671230316162
6,4,0.001,1,199060,True,True,T*(40.43 + 0.24/(T + V + 6.65*V/T**2))/V,0.04*T/V,1,False,False,True,,True,(40.46*T - 0.02)/V,4,0.999999817994611,True,0.9999999999999996,True,python classbench_run.py -i 6 -t 4 -n 0.001000 -r 1,CR_6_4_1_0.001000,1.0221049785614014
6,4,0.001,10,198967,True,True,40.46*T/V,0,1,True,True,True,,True,40.46*T/V,9,0.999999937423302,True,0.9999999999999998,True,python classbench_run.py -i 6 -t 4 -n 0.001000 -r 10,CR_6_4_10_0.001000,1.5492730140686035
6,4,0.01,1,199151,True,True,40.24*T/(V - (0.05 - 0.07/(T - 0.01))/T),0.21*T/V,1,False,False,True,,True,40.26*T/V,6,0.9999785383161128,True,1.0,True,python classbench_run.py -i 6 -t 4 -n 0.010000 -r 1,CR_6_4_1_0.010000,1.0397629737854004
6,4,0.01,10,199213,True,True,14.72*T*(0.05*T/(V + 7.93) + 2.73)/V,0,1,True,True,True,,True,40.5*T/V,2,0.9999952803928696,True,1.0,True,python classbench_run.py -i 6 -t 4 -n 0.010000 -r 10,CR_6_4_10_0.010000,0.7418129444122314
6,4,0.1,1,198251,True,True,38.94*(T + (1.05 - 1.52/T)/(T*V))/V,2.09*T/V,1.06,False,False,True,,True,38.3622859101454*T/V,5,0.997758393729662,False,0.999999999999995,True,python classbench_run.py -i 6 -t 4 -n 0.100000 -r 1,CR_6_4_1_0.100000,1.630666971206665
6,4,0.1,10,198963,True,True,6.82*T*(0.18*T*(0.06*T*V + 0.35)/V + 5.68)/V,-0.31*T/V,1,False,False,True,,True,40.77*T/V,1,0.9994017616971674,True,1.0,True,python classbench_run.py -i 6 -t 4 -n 0.100000 -r 10,CR_6_4_10_0.100000,0.0925922393798828
7,0,0.0,1,199124,True,True,3.33715822220044*(-m/A)**0.5,3.34*m**0.52*(1 - I)/A**0.52,-I,False,False,True,,True,3.34*I*m**0.5/A**0.5,10,0.9999999999999988,True,1.0,True,python classbench_run.py -i 7 -t 0 -n 0.000000 -r 1,CR_7_0_1_0.000000,1.2463650703430176
7,0,0.0,10,199415,True,True,3.34*(-m/A)**0.5,3.34*m**0.52*(1 - I)/A**0.52,-I,False,False,True,,True,3.34*I*m**0.5/A**0.5,8,0.9999999999999428,True,1.0,True,python classbench_run.py -i 7 -t 0 -n 0.000000 -r 10,CR_7_0_10_0.000000,0.5108480453491211
7,0,0.001,1,199507,True,True,((0.03 - 11.16*m)/A)**0.5,3.34*m**0.52*(1 - I)/A**0.52,-I,False,False,True,,True,3.34*I*m**0.5/A**0.5,10,0.9999992930885409,True,0.999999999985708,True,python classbench_run.py -i 7 -t 0 -n 0.001000 -r 1,CR_7_0_1_0.001000,3.420750141143799
7,0,0.001,10,198808,True,True,3.34*(m*(1 - 8.93430791449702e-5*m)/A)**0.5,0,1,True,True,True,,True,3.34*m**0.5/A**0.5,11,0.9999998511449122,True,0.9999999999999868,True,python classbench_run.py -i 7 -t 0 -n 0.001000 -r 10,CR_7_0_10_0.001000,1.9517533779144287
7,0,0.01,1,198665,True,True,3.34944995484333*((0.017910447761194 - m)/A)**0.5,m**0.52*(3.5745 - 3.35*I)/A**0.52,-0.07 - I,False,False,True,,True,3.35*(0.02 - m)**0.5/A**0.5,10,0.9999260566225132,True,0.9999920908109592,True,python classbench_run.py -i 7 -t 0 -n 0.010000 -r 1,CR_7_0_1_0.010000,8.204283952713013
7,0,0.01,10,198948,True,True,3.34*((m - 0.02)/A)**0.5,0,1,True,True,True,,True,3.34*(m - 0.02)**0.5/A**0.5,14,0.9999851155674752,True,0.9999999999996136,True,python classbench_run.py -i 7 -t 0 -n 0.010000 -r 10,CR_7_0_10_0.010000,1.9522008895874023
7,0,0.1,1,199310,True,True,3.23*(m/(A - 0.13 + 0.02/(A*(0.86*A - 0.86))))**0.5,0.3*m**0.5/A**0.5,1,False,False,True,,True,3.23128077257828*m**0.5*(1/(A - 0.1))**0.5,9,0.9695932844697652,False,0.999999999999996,True,python classbench_run.py -i 7 -t 0 -n 0.100000 -r 1,CR_7_0_1_0.100000,2.0498101711273193
7,0,0.1,10,199751,True,True,3.38179002304992*(0.0746535845147136*A - 0.423206261421279 + m/A + 0.370517928286853/A)**0.5,m**0.52*(3.5745 - 3.35*I)/A**0.52,-0.07 - I,False,False,True,,True,3.35*m**0.5*(-1/(A - 0.01))**0.5,11,0.9980585389910894,False,0.9999999999999932,True,python classbench_run.py -i 7 -t 0 -n 0.100000 -r 10,CR_7_0_10_0.100000,1.30000901222229
7,1,0.0,1,199403,True,True,3.68*((m + 4017.92)/A)**0.5,3.67*m**0.52*(1 - I)/A**0.52,-I,False,False,True,,True,3.68*I*m**0.5/A**0.5,8,1.0,True,0.9999999999999988,True,python classbench_run.py -i 7 -t 1 -n 0.000000 -r 1,CR_7_1_1_0.000000,4.1278369426727295
7,1,0.0,10,198636,True,True,3.68*(-m/A)**0.5,3.67*m**0.52*(1 - I)/A**0.52,-I,False,False,True,,True,3.68*I*m**0.5/A**0.5,5,0.9999999999999308,True,0.9999999999999992,True,python classbench_run.py -i 7 -t 1 -n 0.000000 -r 10,CR_7_1_10_0.000000,0.9806218147277832
7,1,0.001,1,198181,True,True,3.68103246386119*(-m/A)**0.5,3.67*m**0.52*(1 - I)/A**0.52,-I,False,False,True,,True,3.68067741232436*m**0.5*(-0.000182870481371765*A - 6.09568271239217e-5*m**2 + 0.000703441785010056*m - 1)**0.5/A**0.5,13,0.9999996793106256,True,0.9999999995104246,True,python classbench_run.py -i 7 -t 1 -n 0.001000 -r 1,CR_7_1_1_0.001000,3.069936037063598
7,1,0.001,10,199047,True,True,3.67714839105727*(-m/A)**0.5,3.67*m**0.52*(1 - I)/A**0.52,-I,False,False,True,,True,3.67714839105727*I*m**0.5/A**0.5,9,0.9999997974778544,True,0.999999999833354,True,python classbench_run.py -i 7 -t 1 -n 0.001000 -r 10,CR_7_1_10_0.001000,1.8254051208496096
7,1,0.01,1,198116,True,True,0.17*(m*(-A + 5.55 + 470.8/A))**0.5,0,1,True,True,True,,True,3.66*m**0.5*(0.01*A + 1)**0.5/A**0.5,10,0.9999826950342472,True,0.9999999999587504,True,python classbench_run.py -i 7 -t 1 -n 0.010000 -r 1,CR_7_1_1_0.010000,6.396198987960815
7,1,0.01,10,199588,True,True,3.67*(-(m + 0.02 - 0.09/(m + 1.81))/A)**0.5,m**0.52*(3.90044120667258 - 3.66275809333176*I)/A**0.52,-0.0627905195293134 - 0.998026728428272*I,False,False,True,,True,3.69*(-0.55*m**2 - m + 0.03)**0.5/(A**0.5*(0.55*m + 1)**0.5),7,0.9999775346003714,True,1.0,True,python classbench_run.py -i 7 -t 1 -n 0.010000 -r 10,CR_7_1_10_0.010000,1.3799262046813965
7,1,0.1,1,199454,True,True,5.1*(I/A)**0.5,0,1,True,True,True,,True,3.66938392052094*m**0.5*(0.00129334349534994*m + 1/A)**0.5,9,0.9947265708629032,False,0.9999999999999968,True,python classbench_run.py -i 7 -t 1 -n 0.100000 -r 1,CR_7_1_1_0.100000,3.762677192687988
7,1,0.1,10,199890,True,True,3.59377308688236*(-0.00487804878048781*m - 0.00975609756097561 - m/A)**0.5,m**0.52*(3.67 - 3.66*I)/A**0.52,-I,False,False,True,,True,2.51*I*(0.02*A + m*(0.01*A + 2.05))**0.5/A**0.5,10,0.9977496498284938,False,0.9999999860820245,True,python classbench_run.py -i 7 -t 1 -n 0.100000 -r 10,CR_7_1_10_0.100000,7.516340255737305
7,2,0.0,1,198369,True,True,3.62*(m/A)**0.5,0,1,True,True,True,,True,3.62*m**0.5/A**0.5,10,0.9999999999999992,True,0.9999999999999571,True,python classbench_run.py -i 7 -t 2 -n 0.000000 -r 1,CR_7_2_1_0.000000,1.3813681602478027
7,2,0.0,10,198181,True,True,3.62*(-m/A)**0.5,3.59*m**0.52*(1 - I)/A**0.52,-I,False,False,True,,True,3.62*I*m**0.5/A**0.5,6,0.9999999999999606,True,1.0,True,python classbench_run.py -i 7 -t 2 -n 0.000000 -r 10,CR_7_2_10_0.000000,0.714392900466919
7,2,0.001,1,198933,True,True,3.62*(m/A)**0.5,0,1,True,True,True,,True,3.62*m**0.5/A**0.5,9,0.9999997960392956,True,0.9999999999973505,True,python classbench_run.py -i 7 -t 2 -n 0.001000 -r 1,CR_7_2_1_0.001000,1.688676118850708
7,2,0.001,10,199051,True,True,3.61790149341302*(m/A)**0.5,0,1,True,True,True,,True,3.62*m**0.5/A**0.5,11,0.999999758235059,True,0.9999999999999966,True,python classbench_run.py -i 7 -t 2 -n 0.001000 -r 10,CR_7_2_10_0.001000,2.3838367462158203
7,2,0.01,1,199177,True,True,((1.53*m**0.5*(m + 12.37) + 3.53*m - 11.69)/A)**0.5,3.59*m**0.52*(1 - I)/A**0.52,-I,False,False,True,,True,3.61*I*m**0.5/A**0.5 + 0.02,9,0.9999370665295116,True,0.999999998390966,True,python classbench_run.py -i 7 -t 2 -n 0.010000 -r 1,CR_7_2_1_0.010000,8.17475700378418
7,2,0.01,10,199574,True,True,3.64*(0.02 + m/A)**0.5 - 0.06,0,1,True,True,True,,True,3.61*m**0.5/A**0.5,8,0.9999716822380031,True,0.9999999999999996,True,python classbench_run.py -i 7 -t 2 -n 0.010000 -r 10,CR_7_2_10_0.010000,1.3549818992614746
7,2,0.1,1,199738,True,True,3.1*((m + (-0.39*A + m - 0.64)**0.5)/A)**0.5,m**0.5*(3.6 - 2.2*A**0.5)/A**0.5,1.6/A**0.5,False,False,False,,False,,0,0.9952215828050748,False,0.9966794937033572,False,python classbench_run.py -i 7 -t 2 -n 0.100000 -r 1,CR_7_2_1_0.100000,2.0700788497924805
7,2,0.1,10,199681,True,True,3.55*(0.02*A + (m + (0.02 - 0.02/A)/A)/A)**0.5,0,1,True,True,True,,True,3.6*m**0.5/A**0.5,5,0.997661499578417,False,1.0,True,python classbench_run.py -i 7 -t 2 -n 0.100000 -r 10,CR_7_2_10_0.100000,0.3371193408966064
7,3,0.0,1,198613,True,True,3.33010014864418*(m/A)**0.5,0,1,True,True,True,,True,3.33*m**0.5/A**0.5,14,1.0,True,0.999999999999984,True,python classbench_run.py -i 7 -t 3 -n 0.000000 -r 1,CR_7_3_1_0.000000,1.471261978149414
7,3,0.0,10,199478,True,True,3.31388738685276*(m/A)**0.5,0,1,True,True,True,,True,3.33*m**0.5/A**0.5,12,0.999999999999956,True,0.999999999999885,True,python classbench_run.py -i 7 -t 3 -n 0.000000 -r 10,CR_7_3_10_0.000000,1.4676008224487305
7,3,0.001,1,198842,True,True,3.32449768492787*(-0.00521159205945058 + m/A)**0.5 + 0.02,-0.02,1,True,True,True,,True,3.33*m**0.5/A**0.5 + 0.02,10,0.9999993873265792,True,0.999999998725924,True,python classbench_run.py -i 7 -t 3 -n 0.001000 -r 1,CR_7_3_1_0.001000,7.937574863433838
7,3,0.001,10,198328,True,True,3.33*(A*m)**0.5/A,0,1,True,True,True,,True,3.33*m**0.5/A**0.5,8,0.9999997328713598,True,0.9999999997847188,True,python classbench_run.py -i 7 -t 3 -n 0.001000 -r 10,CR_7_3_10_0.001000,2.387976884841919
7,3,0.01,1,198338,True,True,3.28*((-0.05*A + m + 0.02)/A)**0.5 + 0.14,m**0.52*(3.33 - 3.37*I)/A**0.52,-0.99*I,False,False,True,,True,3.37*I*m**0.5/A**0.5,8,0.9999413807146434,True,0.9999999998706424,True,python classbench_run.py -i 7 -t 3 -n 0.010000 -r 1,CR_7_3_1_0.010000,10.7152578830719
7,3,0.01,10,199210,True,True,(3.32*(A*m)**0.5 + 0.02)/A,0,1,True,True,True,,True,3.32*m**0.5/A**0.5 + 0.02/A,7,0.9999754770281594,True,1.0,True,python classbench_run.py -i 7 -t 3 -n 0.010000 -r 10,CR_7_3_10_0.010000,1.0033588409423828
7,3,0.1,1,199846,True,True,3.1099838263245*(-0.104427736006683*A - 0.0208855472013367*m**2 + 0.238095238095238*m + m/A)**0.5,m**0.52*(3.33 - 3.46*I)/A**0.52,-0.94*I,False,False,True,,True,3.45*I*m**0.5/(A + 0.02*m)**0.5,5,0.9873852616505864,False,0.99999999844231,True,python classbench_run.py -i 7 -t 3 -n 0.100000 -r 1,CR_7_3_1_0.100000,2.34615707397461
7,3,0.1,10,198530,True,True,1.0*(3.14253225918208*(A*(0.0825688073394495*A + m - 0.330275229357798))**0.5 + 0.5418)/A,0.3*m**0.5/A**0.5,1,False,False,True,,True,5.3*m**0.5/A**0.5,12,0.9974519089195406,False,0.9999999999999912,True,python classbench_run.py -i 7 -t 3 -n 0.100000 -r 10,CR_7_3_10_0.100000,1.2566912174224854
7,4,0.0,1,198842,True,True,2.67562917834292*(m/A)**0.5,0,1,True,True,True,,True,2.67*m**0.5/A**0.5,6,0.9999999999999986,True,1.0,True,python classbench_run.py -i 7 -t 4 -n 0.000000 -r 1,CR_7_4_1_0.000000,1.471463918685913
7,4,0.0,10,198574,True,True,2.67243297390225*(m/A)**0.5,0,1,True,True,True,,True,2.67*m**0.5/A**0.5,11,0.9999999999998544,True,1.0,True,python classbench_run.py -i 7 -t 4 -n 0.000000 -r 10,CR_7_4_10_0.000000,0.3011388778686523
7,4,0.001,1,198906,True,True,2.67*(A*m)**0.5/A,0,1,True,True,True,,True,2.67*m**0.5/A**0.5,7,0.999999585218724,True,0.999999999999874,True,python classbench_run.py -i 7 -t 4 -n 0.001000 -r 1,CR_7_4_1_0.001000,1.606943130493164
7,4,0.001,10,199222,True,True,2.67*(m/A)**0.5,0,1,True,True,True,,True,2.67*m**0.5/A**0.5,9,0.9999998515024526,True,0.9999999999996498,True,python classbench_run.py -i 7 -t 4 -n 0.001000 -r 10,CR_7_4_10_0.001000,1.717094898223877
7,4,0.01,1,199121,True,True,(2.64*(A*m - 0.16)**0.5 + 0.17)/A,m**0.52*(2.69*A**0.48 - 2.66*A**0.52)/A**1.0,1,False,False,True,,True,2.66*(A*m + 0.01*m - 0.03)**0.5/A,8,0.999948389635502,True,0.9999999999943604,True,python classbench_run.py -i 7 -t 4 -n 0.010000 -r 1,CR_7_4_1_0.010000,3.380990982055664
7,4,0.01,10,198981,True,True,2.68700576850888*((m**2 - 0.0701939058171745*m + 0.07)/(A*m))**0.5,0,1,True,True,True,,True,2.68*m**0.5/A**0.5,8,0.999986064575066,True,0.9999999999999964,True,python classbench_run.py -i 7 -t 4 -n 0.010000 -r 10,CR_7_4_10_0.010000,1.26438307762146
7,4,0.1,1,198937,True,True,0.21*m + 0.83*m/(0.09*A*m + 0.37),m**0.5*(2.7 - 2.6*I)/A**0.5,-I,False,False,True,,True,2.6*I*m**0.5/A**0.5,4,0.9947767122345268,False,0.9999999999999946,True,python classbench_run.py -i 7 -t 4 -n 0.100000 -r 1,CR_7_4_1_0.100000,2.2186450958251953
7,4,0.1,10,199532,True,True,2.88*(0.09 + m/A)**0.5 - 0.4,-0.02*m**0.52/A**0.52,1,False,False,True,,True,2.69*(m - 0.02)**0.5/A**0.5,10,0.9979393405545692,False,0.9999999995741344,True,python classbench_run.py -i 7 -t 4 -n 0.100000 -r 10,CR_7_4_10_0.100000,5.408616065979004
