epoch,mean_R,mean_R_train,overall_max_R,max_R,best_prog_complexity,mean_complexity,loss,n_physical,n_rewarded,best_prog_of_epoch,overall_best_prog,best_prog_of_epoch_prefix,overall_best_prog_prefix,best_prog_of_epoch_free_const,overall_best_prog_free_const
0,0.2586441256793677,0.5013332748910879,0.5150294667534894,0.5150294667534894,15.0,16.333,-0.0034001650976422243,755,732,log(((cos(((((t)**(-1))/-(alpha0))-exp(((phi)**(0.5)))))+1)-1)),log(((cos(((((t)**(-1))/-(alpha0))-exp(((phi)**(0.5)))))+1)-1)),[log sub add cos sub div inv t neg alpha0 exp sqrt phi 1 1],[log sub add cos sub div inv t neg alpha0 exp sqrt phi 1 1],[0.23043693 1.         0.98835068],[0.23043693 1.         0.98835068]
1,0.26070928696377027,0.5025709248650719,0.5278245617511012,0.5278245617511012,17.0,16.081,0.04771333325258045,773,748,(((((exp(((sin(phi)+(((log(1)-phi))**(2)))-(t*alpha0))))**(0.5)))**(0.5))*phi),(((((exp(((sin(phi)+(((log(1)-phi))**(2)))-(t*alpha0))))**(0.5)))**(0.5))*phi),[mul sqrt sqrt exp sub add sin phi n2 sub log 1 phi mul t alpha0 phi],[mul sqrt sqrt exp sub add sin phi n2 sub log 1 phi mul t alpha0 phi],[ 6.94004865  1.         -3.94884998],[ 6.94004865  1.         -3.94884998]
2,0.24886443277353298,0.5016335712562959,0.5278245619127158,0.5278245619127158,14.0,16.677,0.008494805534875832,718,693,(exp(((((phi)**(2))-sin(1))/1))/-(exp((t*alpha0)))),(exp(((((phi)**(2))-sin(1))/1))/-(exp((t*alpha0)))),[div exp div sub n2 phi sin 1 1 neg exp mul t alpha0],[div exp div sub n2 phi sin 1 1 neg exp mul t alpha0],[1.73499205 1.         2.50876132],[1.73499205 1.         2.50876132]
3,0.2566241633859752,0.5027710032320547,0.5278245619127158,0.523146095946419,15.0,16.84,0.04560452813493551,726,702,log(sin(-(((phi/((((f*t))**(2))-(t/t)))+phi)))),(exp(((((phi)**(2))-sin(1))/1))/-(exp((t*alpha0)))),[log sin neg add div phi sub n2 mul f t div t t phi],[div exp div sub n2 phi sin 1 1 neg exp mul t alpha0],[0.1        0.45772031 1.46228143],[1.73499205 1.         2.50876132]
4,0.2573574547851274,0.5031163489661639,0.5295499057623331,0.5295499057623331,17.0,16.855,0.07093579893774776,722,697,(cos((exp((((t*alpha0)/(t/t))-(1+phi)))/phi))*phi),(cos((exp((((t*alpha0)/(t/t))-(1+phi)))/phi))*phi),[mul cos div exp sub div mul t alpha0 div t t add 1 phi phi phi],[mul cos div exp sub div mul t alpha0 div t t add 1 phi phi phi],[0.10771165 1.         0.11395846],[0.10771165 1.         0.11395846]
5,0.24462910271157465,0.5021434475252561,0.5295499057623331,0.5195683792868145,20.0,17.297,0.025821380462330887,704,674,cos((exp(((((-(log((((alpha0*(phi*t)))**(2))))-phi)/f)/t)/1))+1)),(cos((exp((((t*alpha0)/(t/t))-(1+phi)))/phi))*phi),[cos add exp div div div sub neg log n2 mul alpha0 mul phi t phi f t 1 1],[mul cos div exp sub div mul t alpha0 div t t add 1 phi phi phi],[0.91937748 0.30181966 0.27322209],[0.10771165 1.         0.11395846]
6,0.25275105576915774,0.5061331243149604,0.6074748029877313,0.6074748029877313,18.0,17.342,0.16119873987180494,728,695,(sin((-((-(((f-(((exp(phi)*t))**(-1)))+alpha0))*1))*t))/phi),(sin((-((-(((f-(((exp(phi)*t))**(-1)))+alpha0))*1))*t))/phi),[div sin mul neg mul neg add sub f inv mul exp phi t alpha0 1 t phi],[div sin mul neg mul neg add sub f inv mul exp phi t alpha0 1 t phi],[-0.07421104  0.82578896 -4.40550963],[-0.07421104  0.82578896 -4.40550963]
7,0.25204202242193136,0.5022681115861662,0.6074748029877313,0.5247341845697913,16.0,17.47,0.02667726166914932,725,697,(log(cos(((exp(((((alpha0*t))**(-1))-(t*(f+f)))))**(0.5))))/1),(sin((-((-(((f-(((exp(phi)*t))**(-1)))+alpha0))*1))*t))/phi),[div log cos sqrt exp sub inv mul alpha0 t mul t add f f 1],[div sin mul neg mul neg add sub f inv mul exp phi t alpha0 1 t phi],[0.09835378 0.4499068  1.        ],[-0.07421104  0.82578896 -4.40550963]
8,0.24414811379355733,0.5055843910032728,0.6074748029877313,0.5305834603874081,17.0,17.768,0.1478839781231347,691,665,(sin((((((log(((exp((((t*alpha0))**(-1))))**(-1)))/t)*t)-phi))**(2)))-phi),(sin((-((-(((f-(((exp(phi)*t))**(-1)))+alpha0))*1))*t))/phi),[sub sin n2 sub mul div log inv exp inv mul t alpha0 t t phi phi],[div sin mul neg mul neg add sub f inv mul exp phi t alpha0 1 t phi],[0.36151124 1.         0.86891211],[-0.07421104  0.82578896 -4.40550963]
9,0.2341960189042592,0.50286597128715,0.6074748029877313,0.5287304991811296,18.0,17.614,0.04843915190782885,683,656,log((sin(exp(((((((t*f))**(-1)))**(2))+(((phi*t)/t)+phi))))*phi)),(sin((-((-(((f-(((exp(phi)*t))**(-1)))+alpha0))*1))*t))/phi),[log mul sin exp add n2 inv mul t f add div mul phi t t phi phi],[div sin mul neg mul neg add sub f inv mul exp phi t alpha0 1 t phi],[0.1        0.75633186 1.01415528],[-0.07421104  0.82578896 -4.40550963]
10,0.23436583598695424,0.508357491425458,0.6160380278663733,0.6160380278663733,15.0,18.08,0.23140536764641503,665,648,((1*(sin((-(t)*alpha0))/(alpha0*t)))-(t*f)),((1*(sin((-(t)*alpha0))/(alpha0*t)))-(t*f)),[sub mul 1 div sin mul neg t alpha0 mul alpha0 t mul t f],[sub mul 1 div sin mul neg t alpha0 mul alpha0 t mul t f],[ 7.23584902e-01 -1.11756615e-04  1.00000000e+00],[ 7.23584902e-01 -1.11756615e-04  1.00000000e+00]
11,0.23792848568543706,0.5086977510371885,0.6160380278663733,0.5917209690438465,19.0,18.245,0.250280132066377,695,670,(((f/alpha0)-cos(((-(exp((((log(((1)**(-1)))-phi))**(0.5))))*f)*t)))*phi),((1*(sin((-(t)*alpha0))/(alpha0*t)))-(t*f)),[mul sub div f alpha0 cos mul mul neg exp sqrt sub log inv 1 phi f t phi],[sub mul 1 div sin mul neg t alpha0 mul alpha0 t mul t f],[34.22137996  0.53680023 -0.21155394],[ 7.23584902e-01 -1.11756615e-04  1.00000000e+00]
12,0.21997176627309398,0.508000223236868,0.6160380278663733,0.5344447551358658,22.0,18.465,0.21770572238168845,653,626,((((exp((((phi*sin((log(((t*t)*(t*(f/-((t*t))))))*1))))**(0.5))))**(0.5)))**(-1)),((1*(sin((-(t)*alpha0))/(alpha0*t)))-(t*f)),"[inv sqrt exp sqrt mul phi sin mul log mul mul t t mul t div f neg mul t t
 1]",[sub mul 1 div sin mul neg t alpha0 mul alpha0 t mul t f],[ 1.00000000e-01 -3.65435113e+00  1.19620426e+02],[ 7.23584902e-01 -1.11756615e-04  1.00000000e+00]
13,0.23792200378524472,0.5088645097857133,0.6160380278663733,0.5462268184474671,19.0,18.183,0.21829704434065914,699,671,(((cos((((((f*(exp(((t*alpha0)*1))*t))*1))**(-1))-phi)))**(0.5))+phi),((1*(sin((-(t)*alpha0))/(alpha0*t)))-(t*f)),[add sqrt cos sub inv mul mul f mul exp mul mul t alpha0 1 t 1 phi phi],[sub mul 1 div sin mul neg t alpha0 mul alpha0 t mul t f],[ 0.27238818 -0.04237663 -0.83953124],[ 7.23584902e-01 -1.11756615e-04  1.00000000e+00]
14,0.2400737838210761,0.5141777045539218,0.6200568807727598,0.6200568807727598,19.0,18.438,0.40393239694567057,693,680,-(((f*cos((((1*(log((exp(phi)*1))*alpha0))*t)+phi)))/alpha0)),-(((f*cos((((1*(log((exp(phi)*1))*alpha0))*t)+phi)))/alpha0)),[neg div mul f cos add mul mul 1 mul log mul exp phi 1 alpha0 t phi alpha0],[neg div mul f cos add mul mul 1 mul log mul exp phi 1 alpha0 t phi alpha0],[0.204617   0.048169   3.89890481],[0.204617   0.048169   3.89890481]
15,0.23659934464721058,0.5168642333359208,0.751316792310541,0.751316792310541,10.0,18.411,0.3849014478667625,697,674,(sin((-(t)*f))*exp((t*alpha0))),(sin((-(t)*f))*exp((t*alpha0))),[mul sin mul neg t f exp mul t alpha0],[mul sin mul neg t f exp mul t alpha0],[-0.10645271  0.72619745  1.        ],[-0.10645271  0.72619745  1.        ]
16,0.23531098803093853,0.5177793898971216,0.855569505762879,0.855569505762879,15.0,18.068,0.4661573129373506,712,686,(sin(((t-((f)**(-1)))*(exp(-(phi))*f)))/(t*alpha0)),(sin(((t-((f)**(-1)))*(exp(-(phi))*f)))/(t*alpha0)),[div sin mul sub t inv f mul exp neg phi f mul t alpha0],[div sin mul sub t inv f mul exp neg phi f mul t alpha0],[ 0.32906649  0.21439849 -1.28915331],[ 0.32906649  0.21439849 -1.28915331]
17,0.24013928203492982,0.5128902949207464,0.855569505762879,0.5589696920744035,18.0,17.942,0.3160858268247657,711,696,(cos(log(((exp((((t*f)+(t*alpha0))+1))+1)*phi)))*phi),(sin(((t-((f)**(-1)))*(exp(-(phi))*f)))/(t*alpha0)),[mul cos log mul add exp add add mul t f mul t alpha0 1 1 phi phi],[div sin mul sub t inv f mul exp neg phi f mul t alpha0],[-0.01427323  0.88572677  0.25744077],[ 0.32906649  0.21439849 -1.28915331]
18,0.2611106933533678,0.516591666799904,0.855569505762879,0.6569857851087338,13.0,17.536,0.43428783992574327,754,736,(-(exp(((t-((alpha0)**(-1)))*alpha0)))*sin((f*t))),(sin(((t-((f)**(-1)))*(exp(-(phi))*f)))/(t*alpha0)),[mul neg exp mul sub t inv alpha0 alpha0 sin mul f t],[div sin mul sub t inv f mul exp neg phi f mul t alpha0],[-0.03902127  0.74008293  1.        ],[ 0.32906649  0.21439849 -1.28915331]
19,0.27099168270773144,0.5167987392352608,0.855569505762879,0.6189866621540938,16.0,16.982,0.4037704464175242,775,758,(sin(log(((exp((-(f)*t))*(exp(phi)*alpha0))*t)))*phi),(sin(((t-((f)**(-1)))*(exp(-(phi))*f)))/(t*alpha0)),[mul sin log mul mul exp mul neg f t mul exp phi alpha0 t phi],[div sin mul sub t inv f mul exp neg phi f mul t alpha0],[0.41661172 0.92414452 0.56050076],[ 0.32906649  0.21439849 -1.28915331]
20,0.2622423909799517,0.517274377858911,0.855569505762879,0.5999284609613724,15.0,17.357,0.4295530398872256,754,730,((-(sin((alpha0*t)))/sin((exp((t*alpha0))-1)))*phi),(sin(((t-((f)**(-1)))*(exp(-(phi))*f)))/(t*alpha0)),[mul div neg sin mul alpha0 t sin sub exp mul t alpha0 1 phi],[div sin mul sub t inv f mul exp neg phi f mul t alpha0],[-0.74499514  1.          0.18290669],[ 0.32906649  0.21439849 -1.28915331]
21,0.2648684455330855,0.5170320898579635,0.855569505762879,0.5723721748199441,16.0,17.317,0.3814515450669003,762,736,(phi-((exp(sin((t*alpha0)))*cos(exp(-((t*f)))))*phi)),(sin(((t-((f)**(-1)))*(exp(-(phi))*f)))/(t*alpha0)),[sub phi mul mul exp sin mul t alpha0 cos exp neg mul t f phi],[div sin mul sub t inv f mul exp neg phi f mul t alpha0],[0.75246151 1.00008866 0.15954746],[ 0.32906649  0.21439849 -1.28915331]
22,0.2550513972776327,0.5218931069536473,0.855569505762879,0.6380919501568371,17.0,17.316,0.5030987738300079,745,728,(sin(-((exp(-((((((f*t))**(2)))**(-1))))*(alpha0*t))))/(t*alpha0)),(sin(((t-((f)**(-1)))*(exp(-(phi))*f)))/(t*alpha0)),[div sin neg mul exp neg inv n2 mul f t mul alpha0 t mul t alpha0],[div sin mul sub t inv f mul exp neg phi f mul t alpha0],[0.75369376 0.52184235 1.        ],[ 0.32906649  0.21439849 -1.28915331]
23,0.25605126514135645,0.5194515546948097,0.855569505762879,0.5948693023852191,17.0,17.023,0.37546321420550083,754,726,((t*(cos((f*t))*((-(phi)-(t*alpha0))*f)))-phi),(sin(((t-((f)**(-1)))*(exp(-(phi))*f)))/(t*alpha0)),[sub mul t mul cos mul f t mul sub neg phi mul t alpha0 f phi],[div sin mul sub t inv f mul exp neg phi f mul t alpha0],[ 0.00187317  0.86437274 -0.0499077 ],[ 0.32906649  0.21439849 -1.28915331]
24,0.2651042548543578,0.5230194050150405,0.855569505762879,0.613833432287567,17.0,17.035,0.53744959745955,760,744,(cos((-(((t-((-(t)-((f)**(-1)))+t))*f))*phi))/phi),(sin(((t-((f)**(-1)))*(exp(-(phi))*f)))/(t*alpha0)),[div cos mul neg mul sub t add sub neg t inv f t f phi phi],[div sin mul sub t inv f mul exp neg phi f mul t alpha0],[ 0.1        -0.1482684   5.29755939],[ 0.32906649  0.21439849 -1.28915331]
25,0.25516554194834085,0.5177849237574442,0.855569505762879,0.5633056109998746,13.0,16.893,0.3963956447556236,766,739,(sin((alpha0*t))*-((exp(-((alpha0*t)))*phi))),(sin(((t-((f)**(-1)))*(exp(-(phi))*f)))/(t*alpha0)),[mul sin mul alpha0 t neg mul exp neg mul alpha0 t phi],[div sin mul sub t inv f mul exp neg phi f mul t alpha0],[ 0.68604727  1.         12.50639801],[ 0.32906649  0.21439849 -1.28915331]
26,0.266343761624967,0.5192700195081463,0.855569505762879,0.6081074592347377,18.0,16.745,0.31973921459831756,784,755,(-((-(exp((sin(-(((f*(t*phi))-phi)))-phi)))*phi))-phi),(sin(((t-((f)**(-1)))*(exp(-(phi))*f)))/(t*alpha0)),[sub neg mul neg exp sub sin neg sub mul f mul t phi phi phi phi phi],[div sin mul sub t inv f mul exp neg phi f mul t alpha0],[0.1        3.06116236 0.24746346],[ 0.32906649  0.21439849 -1.28915331]
27,0.2647824636584187,0.5170082135662754,0.855569505762879,0.5321772120016987,15.0,16.719,0.21804931204220573,778,756,sin(log((((((exp((t*alpha0)))**(-1))*(f*t))*t)/t))),(sin(((t-((f)**(-1)))*(exp(-(phi))*f)))/(t*alpha0)),[sin log div mul mul inv exp mul t alpha0 mul f t t t],[div sin mul sub t inv f mul exp neg phi f mul t alpha0],[0.98198717 0.95637181 1.        ],[ 0.32906649  0.21439849 -1.28915331]
28,0.27252625408512654,0.5288719265660728,0.855569505762879,0.7513167922872083,12.0,16.571,0.5126451561530324,795,774,-((sin((alpha0*-(t)))*exp(-((t*f))))),(sin(((t-((f)**(-1)))*(exp(-(phi))*f)))/(t*alpha0)),[neg mul sin mul alpha0 neg t exp neg mul t f],[div sin mul sub t inv f mul exp neg phi f mul t alpha0],[-0.72619745  0.10645218  1.        ],[ 0.32906649  0.21439849 -1.28915331]
29,0.2731669482488595,0.5170127155470312,0.855569505762879,0.5457132781664478,14.0,16.548,0.22667991023569045,783,767,(f*-((sin((alpha0*t))/(alpha0*-((t*alpha0)))))),(sin(((t-((f)**(-1)))*(exp(-(phi))*f)))/(t*alpha0)),[mul f neg div sin mul alpha0 t mul alpha0 neg mul t alpha0],[div sin mul sub t inv f mul exp neg phi f mul t alpha0],[1.12540153 1.89209663 1.        ],[ 0.32906649  0.21439849 -1.28915331]
30,0.2725389772590928,0.5238082608535847,0.855569505762879,0.6210075186944854,12.0,16.445,0.36921601628220946,772,755,-((cos(((((alpha0)**(-1))--(t))*-(f)))*phi)),(sin(((t-((f)**(-1)))*(exp(-(phi))*f)))/(t*alpha0)),[neg mul cos mul sub inv alpha0 neg t neg f phi],[div sin mul sub t inv f mul exp neg phi f mul t alpha0],[0.19974102 0.79575894 0.23090476],[ 0.32906649  0.21439849 -1.28915331]
31,0.282312098438167,0.523519163781034,0.855569505762879,0.5917209693553326,18.0,16.111,0.4472925020644153,796,770,(((((alpha0)**(-1))*f)*cos(-(((((t-t)-t)-t)*f))))-phi),(sin(((t-((f)**(-1)))*(exp(-(phi))*f)))/(t*alpha0)),[sub mul mul inv alpha0 f cos neg mul sub sub sub t t t t f phi],[div sin mul sub t inv f mul exp neg phi f mul t alpha0],[2.00963305 0.4251435  0.0033111 ],[ 0.32906649  0.21439849 -1.28915331]
32,0.28561088118479017,0.5215877811998705,0.855569505762879,0.5420280852175836,16.0,16.117,0.335921695554203,788,768,((-(((exp(sin((-((t*-(f)))--(phi))))*alpha0)*t)))**(-1)),(sin(((t-((f)**(-1)))*(exp(-(phi))*f)))/(t*alpha0)),[inv neg mul mul exp sin sub neg mul t neg f neg phi alpha0 t],[div sin mul sub t inv f mul exp neg phi f mul t alpha0],[1.39905927 0.78484098 2.60234205],[ 0.32906649  0.21439849 -1.28915331]
33,0.2791265162536887,0.5209487355104294,0.855569505762879,0.53031306497377,19.0,16.488,0.29823216434537075,771,761,(((phi+(sin(((exp(-((alpha0*t)))*-(phi))-phi))*phi))*f)/alpha0),(sin(((t-((f)**(-1)))*(exp(-(phi))*f)))/(t*alpha0)),"[div mul add phi mul sin sub mul exp neg mul alpha0 t neg phi phi phi f
 alpha0]",[div sin mul sub t inv f mul exp neg phi f mul t alpha0],[  0.64358401 -24.58628434   1.54565764],[ 0.32906649  0.21439849 -1.28915331]
34,0.29863894686369186,0.5188230688951843,0.855569505762879,0.5332301171016907,19.0,16.233,0.24809855691763466,795,779,cos((((exp((alpha0*(t*(-(((t*f)*(t*alpha0)))-phi))))+phi))**(0.5))),(sin(((t-((f)**(-1)))*(exp(-(phi))*f)))/(t*alpha0)),"[cos sqrt add exp mul alpha0 mul t sub neg mul mul t f mul t alpha0 phi
 phi]",[div sin mul sub t inv f mul exp neg phi f mul t alpha0],[-0.41569093  0.34654084  2.40395171],[ 0.32906649  0.21439849 -1.28915331]
35,0.2886132827227383,0.5204800996191623,0.855569505762879,0.5479300873968455,20.0,16.342,0.2994335717278118,790,774,(exp(((((cos((alpha0*(t*(-(phi)-phi))))-phi)*alpha0)-f)*t))*phi),(sin(((t-((f)**(-1)))*(exp(-(phi))*f)))/(t*alpha0)),"[mul exp mul sub mul sub cos mul alpha0 mul t sub neg phi phi phi alpha0 f
 t phi]",[div sin mul sub t inv f mul exp neg phi f mul t alpha0],[0.5276318  0.15593187 0.82477813],[ 0.32906649  0.21439849 -1.28915331]
36,0.2978294247838289,0.5309178641094574,0.855569505762879,0.6759265443558162,10.0,16.647,0.25422918930982474,781,767,(cos((-(t)*f))*exp((t*alpha0))),(sin(((t-((f)**(-1)))*(exp(-(phi))*f)))/(t*alpha0)),[mul cos mul neg t f exp mul t alpha0],[div sin mul sub t inv f mul exp neg phi f mul t alpha0],[-0.12379661  0.88686814  1.        ],[ 0.32906649  0.21439849 -1.28915331]
37,0.3015245783294373,0.533008330576573,0.855569505762879,0.6369814557754424,16.0,16.626,0.4548654516576114,793,771,(((exp(-((-(t)*((alpha0*alpha0)*t)))))**(-1))*cos((f*t))),(sin(((t-((f)**(-1)))*(exp(-(phi))*f)))/(t*alpha0)),[mul inv exp neg mul neg t mul mul alpha0 alpha0 t cos mul f t],[div sin mul sub t inv f mul exp neg phi f mul t alpha0],[0.11721324 0.92772824 1.        ],[ 0.32906649  0.21439849 -1.28915331]
38,0.3042827571749308,0.5281680278005083,0.855569505762879,0.5988569983078766,15.0,16.342,0.3635073266681634,786,771,(sin(((-(t)*-(alpha0))--(exp(-((t*f))))))*phi),(sin(((t-((f)**(-1)))*(exp(-(phi))*f)))/(t*alpha0)),[mul sin sub mul neg t neg alpha0 neg exp neg mul t f phi],[div sin mul sub t inv f mul exp neg phi f mul t alpha0],[ 0.74522133  4.21811282 -0.21694346],[ 0.32906649  0.21439849 -1.28915331]
39,0.2973509821775375,0.528759256396609,0.855569505762879,0.7383608087806101,17.0,16.347,0.4692603151707005,803,789,-(((sin(-((t*(-((alpha0-f))-alpha0))))/(alpha0*t))/phi)),(sin(((t-((f)**(-1)))*(exp(-(phi))*f)))/(t*alpha0)),[neg div div sin neg mul t sub neg sub alpha0 f alpha0 mul alpha0 t phi],[div sin mul sub t inv f mul exp neg phi f mul t alpha0],[0.75483512 0.77883088 0.43485548],[ 0.32906649  0.21439849 -1.28915331]
40,0.292938473608963,0.5340964842232847,0.855569505762879,0.751316791392564,14.0,16.69,0.4009986613447082,787,765,(sin((alpha0*-(t)))*exp(-(((t*cos(phi))*f)))),(sin(((t-((f)**(-1)))*(exp(-(phi))*f)))/(t*alpha0)),[mul sin mul alpha0 neg t exp neg mul mul t cos phi f],[div sin mul sub t inv f mul exp neg phi f mul t alpha0],[0.72620023 0.6255767  1.39980108],[ 0.32906649  0.21439849 -1.28915331]
41,0.306891719461834,0.5268288553278535,0.855569505762879,0.6759265496950475,11.0,16.558,0.3991450164109024,787,772,(cos(-((alpha0*t)))*exp((-(f)*t))),(sin(((t-((f)**(-1)))*(exp(-(phi))*f)))/(t*alpha0)),[mul cos neg mul alpha0 t exp mul neg f t],[div sin mul sub t inv f mul exp neg phi f mul t alpha0],[0.88685399 0.12380557 1.        ],[ 0.32906649  0.21439849 -1.28915331]
42,0.2984075951941257,0.530614185414956,0.855569505762879,0.591653569542546,13.0,16.532,0.2481039745838814,794,776,(cos((f*t))*-((phi*(exp(phi)*-(phi))))),(sin(((t-((f)**(-1)))*(exp(-(phi))*f)))/(t*alpha0)),[mul cos mul f t neg mul phi mul exp phi neg phi],[div sin mul sub t inv f mul exp neg phi f mul t alpha0],[0.1        0.8503154  0.38024779],[ 0.32906649  0.21439849 -1.28915331]
43,0.29217758838644037,0.5325702845714294,0.855569505762879,0.7537420278759672,14.0,16.39,0.35509290423529777,807,789,(sin((f*t))/-((exp(-((t*alpha0)))*exp(phi)))),(sin(((t-((f)**(-1)))*(exp(-(phi))*f)))/(t*alpha0)),[div sin mul f t neg mul exp neg mul t alpha0 exp phi],[div sin mul sub t inv f mul exp neg phi f mul t alpha0],[-0.11986294  0.72345773 -0.13861421],[ 0.32906649  0.21439849 -1.28915331]
44,0.2852132596551936,0.5262848634174524,0.855569505762879,0.5988570082503375,15.0,16.655,0.3592555645000193,789,768,(sin(-(((t+(t*(exp(-(phi))*phi)))*alpha0)))*phi),(sin(((t-((f)**(-1)))*(exp(-(phi))*f)))/(t*alpha0)),[mul sin neg mul add t mul t mul exp neg phi phi alpha0 phi],[div sin mul sub t inv f mul exp neg phi f mul t alpha0],[-1.02010724  1.         -0.21691773],[ 0.32906649  0.21439849 -1.28915331]
45,0.29357675965495106,0.5404271466738737,0.855569505762879,0.7513167922336624,11.0,16.216,0.27070579790104077,800,777,(-(sin((alpha0*-(t))))/exp((f*t))),(sin(((t-((f)**(-1)))*(exp(-(phi))*f)))/(t*alpha0)),[div neg sin mul alpha0 neg t exp mul f t],[div sin mul sub t inv f mul exp neg phi f mul t alpha0],[-0.72619626  0.10645313  1.        ],[ 0.32906649  0.21439849 -1.28915331]
46,0.29785504506650723,0.5365105709194745,0.855569505762879,0.7513167922546055,13.0,16.252,0.43917836362570617,808,793,(-(sin((t*f)))*exp((alpha0*(t*-(phi))))),(sin(((t-((f)**(-1)))*(exp(-(phi))*f)))/(t*alpha0)),[mul neg sin mul t f exp mul alpha0 mul t neg phi],[div sin mul sub t inv f mul exp neg phi f mul t alpha0],[0.75390469 0.72619821 0.14120155],[ 0.32906649  0.21439849 -1.28915331]
47,0.2914289428628303,0.523193547565404,0.855569505762879,0.5457132799927664,14.0,16.283,0.3009142240536007,785,764,(sin((-(alpha0)*-(t)))/(alpha0*(-(t)*-(phi)))),(sin(((t-((f)**(-1)))*(exp(-(phi))*f)))/(t*alpha0)),[div sin mul neg alpha0 neg t mul alpha0 mul neg t neg phi],[div sin mul sub t inv f mul exp neg phi f mul t alpha0],[1.12542751 1.         0.59471834],[ 0.32906649  0.21439849 -1.28915331]
48,0.29199575493864405,0.5325165872311493,0.855569505762879,0.6916506654079119,16.0,16.241,0.2898446942912831,806,787,(((cos(-((t*alpha0)))*f)*t)+(cos((alpha0*t))*phi)),(sin(((t-((f)**(-1)))*(exp(-(phi))*f)))/(t*alpha0)),[add mul mul cos neg mul t alpha0 f t mul cos mul alpha0 t phi],[div sin mul sub t inv f mul exp neg phi f mul t alpha0],[-0.87980913 -0.02141604  0.55159763],[ 0.32906649  0.21439849 -1.28915331]
49,0.28362264544273164,0.5367925316513342,0.855569505762879,0.6968431734409672,15.0,16.279,0.20329341387202904,783,764,(sin((t*f))*(exp(-((t*-(alpha0))))*(t*alpha0))),(sin(((t-((f)**(-1)))*(exp(-(phi))*f)))/(t*alpha0)),[mul sin mul t f mul exp neg mul t neg alpha0 mul t alpha0],[div sin mul sub t inv f mul exp neg phi f mul t alpha0],[-0.16434993  0.73298065  1.        ],[ 0.32906649  0.21439849 -1.28915331]
50,0.2989926431008024,0.5417759598107054,0.855569505762879,0.7489767738799309,16.0,15.961,0.30808349646073563,835,818,(sin(-((-(t)*alpha0)))*(-(exp(-(log((t*f)))))+phi)),(sin(((t-((f)**(-1)))*(exp(-(phi))*f)))/(t*alpha0)),[mul sin neg mul neg t alpha0 add neg exp neg log mul t f phi],[div sin mul sub t inv f mul exp neg phi f mul t alpha0],[0.7256816  0.27212382 0.0679827 ],[ 0.32906649  0.21439849 -1.28915331]
51,0.28990107919511754,0.5331198924018536,0.855569505762879,0.5988570027322795,18.0,16.008,0.2541885281382293,820,796,((sin(-((f*t)))+(exp(((-(((t)**(-1)))+alpha0)*t))*phi))/phi),(sin(((t-((f)**(-1)))*(exp(-(phi))*f)))/(t*alpha0)),[div add sin neg mul f t mul exp mul add neg inv t alpha0 t phi phi],[div sin mul sub t inv f mul exp neg phi f mul t alpha0],[-4.58358727  0.74522052  4.60928702],[ 0.32906649  0.21439849 -1.28915331]
52,0.29037204247359977,0.5535890182231771,0.855569505762879,0.8132258505462268,15.0,16.099,0.6103853836999514,816,797,(sin((-(alpha0)*(t*log((f*t)))))/exp((alpha0*t))),(sin(((t-((f)**(-1)))*(exp(-(phi))*f)))/(t*alpha0)),[div sin mul neg alpha0 mul t log mul f t exp mul alpha0 t],[div sin mul sub t inv f mul exp neg phi f mul t alpha0],[9.42506484e-02 1.88582203e+02 1.00000000e+00],[ 0.32906649  0.21439849 -1.28915331]
53,0.2871959146879554,0.5377642747730927,0.855569505762879,0.7399571262006434,16.0,16.204,0.604261206408778,822,805,(((sin(((-((alpha0/f))*t)*f))/f)/t)-exp(phi)),(sin(((t-((f)**(-1)))*(exp(-(phi))*f)))/(t*alpha0)),[sub div div sin mul mul neg div alpha0 f t f f t exp phi],[div sin mul sub t inv f mul exp neg phi f mul t alpha0],[ 0.73124579  0.3275688  -4.6817139 ],[ 0.32906649  0.21439849 -1.28915331]
54,0.28032824724134636,0.5549062152803326,0.855569505762879,0.8555694888140816,16.0,16.66,1.020933662900082,771,759,-(((-(cos(log(-((exp(-((t*alpha0)))*phi)))))/f)/t)),(sin(((t-((f)**(-1)))*(exp(-(phi))*f)))/(t*alpha0)),[neg div div neg cos log neg mul exp neg mul t alpha0 phi f t],[div sin mul sub t inv f mul exp neg phi f mul t alpha0],[-0.7782004   0.3290447  -0.00551357],[ 0.32906649  0.21439849 -1.28915331]
55,0.2886595202092865,0.5551680136375386,0.855569505762879,0.7513167867464488,12.0,16.216,0.8631344491000813,807,793,-((sin(-((t*-(alpha0))))/exp((f*t)))),(sin(((t-((f)**(-1)))*(exp(-(phi))*f)))/(t*alpha0)),[neg div sin neg mul t neg alpha0 exp mul f t],[div sin mul sub t inv f mul exp neg phi f mul t alpha0],[0.72619745 0.10644389 1.        ],[ 0.32906649  0.21439849 -1.28915331]
56,0.280525570167329,0.533253989366025,0.855569505762879,0.5916535691260599,10.0,16.285,0.1143551973573742,802,787,((cos((-(f)*-(t)))*f)/alpha0),(sin(((t-((f)**(-1)))*(exp(-(phi))*f)))/(t*alpha0)),[div mul cos mul neg f neg t f alpha0],[div sin mul sub t inv f mul exp neg phi f mul t alpha0],[4.02079366 0.85031932 1.        ],[ 0.32906649  0.21439849 -1.28915331]
57,0.27342309013321464,0.5409208981955616,0.855569505762879,0.7513167905122557,16.0,16.106,0.3978777878902817,770,756,(-(sin((t*f)))*(exp((f*-(t)))*exp((alpha0*t)))),(sin(((t-((f)**(-1)))*(exp(-(phi))*f)))/(t*alpha0)),[mul neg sin mul t f mul exp mul f neg t exp mul alpha0 t],[div sin mul sub t inv f mul exp neg phi f mul t alpha0],[0.61974502 0.72620083 1.        ],[ 0.32906649  0.21439849 -1.28915331]
58,0.29259276540295615,0.5461699540839697,0.855569505762879,0.7544054166230167,15.0,15.583,0.3379873516711481,782,773,((sin(-((t*f)))/exp(-((t*alpha0))))+-(sin(phi))),(sin(((t-((f)**(-1)))*(exp(-(phi))*f)))/(t*alpha0)),[add div sin neg mul t f exp neg mul t alpha0 neg sin phi],[div sin mul sub t inv f mul exp neg phi f mul t alpha0],[-0.10642513  0.72634781  0.01215171],[ 0.32906649  0.21439849 -1.28915331]
59,0.28268997074178137,0.5478303599414782,0.855569505762879,0.7539199632121356,16.0,15.589,0.5013924310343788,771,753,((sin((-(t)*f))*(exp(-((alpha0*t)))*exp(phi)))+phi),(sin(((t-((f)**(-1)))*(exp(-(phi))*f)))/(t*alpha0)),[add mul sin mul neg t f mul exp neg mul alpha0 t exp phi phi],[div sin mul sub t inv f mul exp neg phi f mul t alpha0],[ 0.105421    0.7265374  -0.01103229],[ 0.32906649  0.21439849 -1.28915331]
60,0.2946533190659338,0.545366566106732,0.855569505762879,0.7513167923113522,12.0,15.52,0.3304122588740837,769,761,(sin((f*t))/-(exp(-((-(alpha0)*t))))),(sin(((t-((f)**(-1)))*(exp(-(phi))*f)))/(t*alpha0)),[div sin mul f t neg exp neg mul neg alpha0 t],[div sin mul sub t inv f mul exp neg phi f mul t alpha0],[0.1064528  0.72619721 1.        ],[ 0.32906649  0.21439849 -1.28915331]
61,0.27821454979609667,0.5553057863556081,0.855569505762879,0.7537420318206098,15.0,15.562,0.5964662008743116,755,747,(sin((t*-(f)))/exp((-((t*-(alpha0)))+-(phi)))),(sin(((t-((f)**(-1)))*(exp(-(phi))*f)))/(t*alpha0)),[div sin mul t neg f exp add neg mul t neg alpha0 neg phi],[div sin mul sub t inv f mul exp neg phi f mul t alpha0],[0.11986881 0.72345256 0.13861284],[ 0.32906649  0.21439849 -1.28915331]
62,0.2791316252316466,0.5421483687038379,0.855569505762879,0.7513167922336624,13.0,15.408,0.2814457776416641,762,747,(-(sin((alpha0*t)))/-(exp(-((-(f)*t))))),(sin(((t-((f)**(-1)))*(exp(-(phi))*f)))/(t*alpha0)),[div neg sin mul alpha0 t neg exp neg mul neg f t],[div sin mul sub t inv f mul exp neg phi f mul t alpha0],[-0.72619626  0.10645313  1.        ],[ 0.32906649  0.21439849 -1.28915331]
63,0.2901644384139277,0.5398003143176904,0.855569505762879,0.7513167914119346,15.0,15.709,0.2064605509021959,772,758,-((sin((alpha0*t))*exp(-((-(alpha0)*(t*-(phi))))))),(sin(((t-((f)**(-1)))*(exp(-(phi))*f)))/(t*alpha0)),[neg mul sin mul alpha0 t exp neg mul neg alpha0 mul t neg phi],[div sin mul sub t inv f mul exp neg phi f mul t alpha0],[0.7261947  1.         0.14658713],[ 0.32906649  0.21439849 -1.28915331]
64,0.29239567356477736,0.5455839415188153,0.855569505762879,0.7383608088264306,14.0,15.413,0.31886913749748685,781,773,((sin((-(t)*f))/(f*exp(phi)))/(t+t)),(sin(((t-((f)**(-1)))*(exp(-(phi))*f)))/(t*alpha0)),[div div sin mul neg t f mul f exp phi add t t],[div sin mul sub t inv f mul exp neg phi f mul t alpha0],[ 0.1         0.73083925 -1.49357372],[ 0.32906649  0.21439849 -1.28915331]
65,0.28691587203276525,0.5564565570106782,0.855569505762879,0.7537420298989636,16.0,15.61,0.5763375931969351,768,754,(sin((-(t)*alpha0))/(exp((f*t))*sin((exp(phi)+phi)))),(sin(((t-((f)**(-1)))*(exp(-(phi))*f)))/(t*alpha0)),[div sin mul neg t alpha0 mul exp mul f t sin add exp phi phi],[div sin mul sub t inv f mul exp neg phi f mul t alpha0],[-0.72345486  0.11985614  1.1232552 ],[ 0.32906649  0.21439849 -1.28915331]
66,0.2854742174065334,0.5500362103012173,0.855569505762879,0.7513167923113522,12.0,15.703,0.4384486509987139,769,763,(-(sin(-((-(t)*f))))/exp((t*alpha0))),(sin(((t-((f)**(-1)))*(exp(-(phi))*f)))/(t*alpha0)),[div neg sin neg mul neg t f exp mul t alpha0],[div sin mul sub t inv f mul exp neg phi f mul t alpha0],[0.1064528  0.72619721 1.        ],[ 0.32906649  0.21439849 -1.28915331]
67,0.2731901758968446,0.5670057113956287,0.855569505762879,0.8555694997736252,19.0,16.159,0.8825265096501897,747,733,((sin(-(((t*alpha0)+-((-((alpha0*t))+-(exp(phi)))))))/f)/t),(sin(((t-((f)**(-1)))*(exp(-(phi))*f)))/(t*alpha0)),[div div sin neg add mul t alpha0 neg add neg mul alpha0 t neg exp phi f t],[div sin mul sub t inv f mul exp neg phi f mul t alpha0],[-0.38909803  0.32906829  1.28914938],[ 0.32906649  0.21439849 -1.28915331]
68,0.2739312039085115,0.5500346632418714,0.855569505762879,0.7513167921793242,11.0,16.515,0.48590067701086026,744,732,(sin((f*t))*-(exp(-((alpha0*t))))),(sin(((t-((f)**(-1)))*(exp(-(phi))*f)))/(t*alpha0)),[mul sin mul f t neg exp neg mul alpha0 t],[div sin mul sub t inv f mul exp neg phi f mul t alpha0],[0.1064514  0.72619748 1.        ],[ 0.32906649  0.21439849 -1.28915331]
69,0.27367333410254596,0.5624133171769596,0.855569505762879,0.7537420316085981,15.0,16.341,0.7383737853731549,749,738,(-(sin((t*f)))/(phi*(exp(-((alpha0*t)))*phi))),(sin(((t-((f)**(-1)))*(exp(-(phi))*f)))/(t*alpha0)),[div neg sin mul t f mul phi mul exp neg mul alpha0 t phi],[div sin mul sub t inv f mul exp neg phi f mul t alpha0],[-0.1198672  0.7234544  0.9330528],[ 0.32906649  0.21439849 -1.28915331]
70,0.26658097887289556,0.5636757418958593,0.855569505762879,0.7537420318429312,18.0,17.328,0.7226161412523872,704,691,(sin((t*-(f)))*exp((-(((alpha0*t)+(t*alpha0)))+-(phi)))),(sin(((t-((f)**(-1)))*(exp(-(phi))*f)))/(t*alpha0)),[mul sin mul t neg f exp add neg add mul alpha0 t mul t alpha0 neg phi],[div sin mul sub t inv f mul exp neg phi f mul t alpha0],[ 0.05993447  0.72345251 -0.1386086 ],[ 0.32906649  0.21439849 -1.28915331]
71,0.28117194912136334,0.5621072234436492,0.855569505762879,0.7513167922005792,15.0,17.023,0.6549894180358057,738,728,((sin((alpha0*t))*exp(-((t*f))))*exp((alpha0*t))),(sin(((t-((f)**(-1)))*(exp(-(phi))*f)))/(t*alpha0)),[mul mul sin mul alpha0 t exp neg mul t f exp mul alpha0 t],[div sin mul sub t inv f mul exp neg phi f mul t alpha0],[-0.72619829 -0.61974647  1.        ],[ 0.32906649  0.21439849 -1.28915331]
72,0.2800755962145641,0.5776628845285763,0.855569505762879,0.7513167923113522,12.0,17.139,0.9156580066852426,722,714,(sin((t*-(f)))/exp(-((alpha0*-(t))))),(sin(((t-((f)**(-1)))*(exp(-(phi))*f)))/(t*alpha0)),[div sin mul t neg f exp neg mul alpha0 neg t],[div sin mul sub t inv f mul exp neg phi f mul t alpha0],[0.1064528  0.72619721 1.        ],[ 0.32906649  0.21439849 -1.28915331]
73,0.27934728871287595,0.5499850829606605,0.855569505762879,0.7513167923057751,13.0,16.929,0.40196442521870834,722,701,(sin(((t*exp(-(phi)))*alpha0))*exp((alpha0*t))),(sin(((t-((f)**(-1)))*(exp(-(phi))*f)))/(t*alpha0)),[mul sin mul mul t exp neg phi alpha0 exp mul alpha0 t],[div sin mul sub t inv f mul exp neg phi f mul t alpha0],[-0.10645305  1.         -1.92011786],[ 0.32906649  0.21439849 -1.28915331]
74,0.2807752398552952,0.5544916224044252,0.855569505762879,0.7539734081856774,14.0,16.828,0.5487247710823404,735,725,(sin((t*-(f)))/(exp(-((alpha0*-(t))))+phi)),(sin(((t-((f)**(-1)))*(exp(-(phi))*f)))/(t*alpha0)),[div sin mul t neg f add exp neg mul alpha0 neg t phi],[div sin mul sub t inv f mul exp neg phi f mul t alpha0],[ 0.11343174  0.72352875 -0.19198302],[ 0.32906649  0.21439849 -1.28915331]
75,0.28335226497117816,0.5577835539260851,0.855569505762879,0.7513167923099743,11.0,16.428,0.5494766126045181,731,722,(sin(-((t*alpha0)))*exp(-((f*t)))),(sin(((t-((f)**(-1)))*(exp(-(phi))*f)))/(t*alpha0)),[mul sin neg mul t alpha0 exp neg mul f t],[div sin mul sub t inv f mul exp neg phi f mul t alpha0],[0.72619737 0.10645262 1.        ],[ 0.32906649  0.21439849 -1.28915331]
76,0.2827322007973952,0.5777507964302139,0.855569505762879,0.7537420276639821,17.0,16.861,0.9053727625819494,727,712,(sin(-((t*(f+alpha0))))*exp(((-((t*f))+phi)+phi))),(sin(((t-((f)**(-1)))*(exp(-(phi))*f)))/(t*alpha0)),[mul sin neg mul t add f alpha0 exp add add neg mul t f phi phi],[div sin mul sub t inv f mul exp neg phi f mul t alpha0],[0.60359003 0.11986558 0.06925584],[ 0.32906649  0.21439849 -1.28915331]
77,0.2792126444297404,0.5893365423773461,0.9999253686679516,0.9999253686679516,13.0,16.569,1.1195826854827586,722,711,(sin(-((-((t*f))+phi)))*exp((t*alpha0))),(sin(-((-((t*f))+phi)))*exp((t*alpha0))),[mul sin neg add neg mul t f phi exp mul t alpha0],[mul sin neg add neg mul t f phi exp mul t alpha0],[-0.10111765  0.78400341 -2.56772378],[-0.10111765  0.78400341 -2.56772378]
78,0.292260638758174,0.5819746544652695,0.9999253686679516,0.7513167921793242,15.0,16.539,0.9566536577221791,733,720,(((sin(-((t*f)))*t)/t)*exp(-((t*alpha0)))),(sin(-((-((t*f))+phi)))*exp((t*alpha0))),[mul div mul sin neg mul t f t t exp neg mul t alpha0],[mul sin neg add neg mul t f phi exp mul t alpha0],[0.1064514  0.72619748 1.        ],[-0.10111765  0.78400341 -2.56772378]
79,0.2771701148154548,0.5799928179267884,0.9999253686679516,0.7513167923099743,13.0,16.298,0.8727702811756142,727,721,-((sin(-((t*alpha0)))*-(exp(-((f*t)))))),(sin(-((-((t*f))+phi)))*exp((t*alpha0))),[neg mul sin neg mul t alpha0 neg exp neg mul f t],[mul sin neg add neg mul t f phi exp mul t alpha0],[0.72619737 0.10645262 1.        ],[-0.10111765  0.78400341 -2.56772378]
80,0.28348946668404706,0.5878623289895547,0.9999253686679516,0.753742026632148,14.0,16.543,1.0026234307923343,720,716,-(((sin((-(f)*-(t)))*exp((t*alpha0)))*phi)),(sin(-((-((t*f))+phi)))*exp((t*alpha0))),[neg mul mul sin mul neg f neg t exp mul t alpha0 phi],[mul sin neg add neg mul t f phi exp mul t alpha0],[-0.11986528  0.72345647  1.14872454],[-0.10111765  0.78400341 -2.56772378]
81,0.2899258904493988,0.610178380168636,0.9999253686679516,0.7537420278759672,16.0,16.294,1.5211335928171241,732,726,(-(sin((-(f)*-(t))))/(exp(-((alpha0*t)))*exp(phi))),(sin(-((-((t*f))+phi)))*exp((t*alpha0))),[div neg sin mul neg f neg t mul exp neg mul alpha0 t exp phi],[mul sin neg add neg mul t f phi exp mul t alpha0],[-0.11986294  0.72345773 -0.13861421],[-0.10111765  0.78400341 -2.56772378]
82,0.29355891201707734,0.5893554231207434,0.9999253686679516,0.757653335530033,18.0,16.071,0.99484805244743,726,719,((sin(-((t*alpha0)))/(sin(exp(-(phi)))*exp((f*t))))+-(phi)),(sin(-((-((t*f))+phi)))*exp((t*alpha0))),[add div sin neg mul t alpha0 mul sin exp neg phi exp mul f t neg phi],[mul sin neg add neg mul t f phi exp mul t alpha0],[0.72276934 0.1241567  0.0138455 ],[-0.10111765  0.78400341 -2.56772378]
